Title,Political Lean,Score,Text
¬øQu√© es exactamente el corporativismo y el neocorporativismo?,Liberal,249,
"¬øExiste algo parecido a The Debt Collective, pero para la vivienda?",Liberal,5,"Si voy a alquilar toda mi vida, deber√≠a decir cu√°l es el precio del alquiler."
¬øCrees que el actual DNC fortalece o estigmatiza el concepto de ‚Äúsocialismo‚Äù?,Liberal,6,"Personalmente creo que es neutral, pero me encantar√≠a ver a m√°s dem√≥cratas admitir abiertamente que son socialistas.

[Ver encuesta](https://www.reddit.com/poll/svw34k)"
¬øOpiniones sobre criptomonedas?,Liberal,9,
"En caso de que te lo hayas perdido en las noticias, hay una huelga general de trabajadores de talleres clandestinos en Hait√≠ en este momento y est√°n pidiendo mejores salarios y protecci√≥n para los trabajadores.",Liberal,3836,
Sobre el individualismo y la atomizaci√≥n,Liberal,1,
Representaci√≥n sindical en toda Am√©rica Latina,Liberal,336,
¬øC√≥mo afrontas el hecho de que gran parte del sufrimiento de este mundo podr√≠a resolverse si eso fuera lo que quisi√©ramos?,Liberal,27,"Muchos de los problemas mundiales podr√≠an resolverse si nosotros, como seres humanos, quisi√©ramos resolverlos. 
Tomar√© la pobreza como ejemplo:
Hay mucha riqueza en este mundo; podr√≠amos acabar con la pobreza si la distribuy√©ramos de manera uniforme. 
Pero eso tambi√©n significa que para acabar con la pobreza mundial, todos nosotros (es decir, los residentes de las naciones ricas) tendr√≠amos que reducir nuestro nivel de vida. 
Pero la mayor√≠a de las personas no quieren reducir su nivel de vida. As√≠ que somos demasiado ego√≠stas para hacer algo al respecto, incluso si pudi√©ramos. 

¬øC√≥mo se enfrenta a eso? Eso es lo que estoy tratando de averiguar. 

Edito: Me doy cuenta de que mi ejemplo no fue perfecto. Lo que estaba tratando de decir es que hay una idea err√≥nea com√∫n, que para ayudar a los dem√°s, tenemos que renunciar a algo que valoramos. 

Mi punto es que tenemos soluciones a muchos problemas a nuestro alcance, pero el cambio todav√≠a se est√° produciendo lentamente o no se est√° produciendo en absoluto. Es extremadamente frustrante de observar, ya que quienes sufren pueden no ver los resultados del progreso durante su vida."
"La mala gesti√≥n republicana de nuestras escuelas p√∫blicas ha hecho que el 66% de los educadores de Texas est√©n considerando abandonar la profesi√≥n. *Beto quiere invertir en nuestros maestros, estudiantes y el futuro de nuestro estado*",Liberal,291,
Juez dictamina que Trump debe enfrentar demandas civiles por el 6 de enero,Liberal,194,
"Ezra Klein: Si Joe Biden no cambia de rumbo, este ser√° su peor fracaso",Cierre gubernamental en 2022: el Congreso se dispone a aprobar otro proyecto de ley de financiaci√≥n a corto plazo - Vox,113,
Biden avanza para revertir los l√≠mites de la era Trump a las tarjetas verdes,"Algunos de los ensayos y libros que eran realmente importantes deben haber perdido su relevancia para los no acad√©micos. Por ejemplo, siento que la mayor√≠a de las personas, incluso las que no pertenecen a la clase trabajadora, conocen las condiciones de los pobres a trav√©s de documentales, periodismo independiente o simplemente por interactuar con la pobreza a diario, por lo que Las condiciones de la clase trabajadora en Inglaterra de Engels no es una lectura muy necesaria.",134,
Intent√© hacer una transmisi√≥n de desacreditaci√≥n de PragerU si alguien est√° interesado :),Liberal,19,
Incluso los estadounidenses que no tienen deudas estudiantiles apoyan la condonaci√≥n de pr√©stamos,Liberal,393,
Kit de herramientas progresistas: una gu√≠a para ganar argumentos a favor de un cambio transformador,Liberal,8,
CLASIFICAR LAS HABILIDADES DE DEBATE DE LOS MALOS ESTAFADORES POL√çTICOS CONSERVADORES,Liberal,25,"(Ninguno es bueno)

NIVEL S

Jordan Peterson: usa un lenguaje complejo para ocultar el hecho de que sus puntos son extremadamente simples y reductivos, piensa que el marxismo y el posmodernismo son compatibles de alguna manera

NIVEL A

Ben Shapiro: habla r√°pido. Muy r√°pido. Se destaca por los liberales

Charlie Kirk: vio como 5 minutos del debate de Hasanabi, parec√≠a que estaba ganando, pero eso puede deberse simplemente a que Hasan no estaba debatiendo muy bien

NIVEL C

Esa chica de la pistola: suena confundida todo el tiempo, literalmente solo entrevista a la gente en la calle

NIVEL F

Steven Crowder: sali√≥ corriendo de Sam Seder

No he visto a otros. ¬øC√≥mo son los otros? ¬øQu√© puesto ocupan?"
Instituto Gravel - ‚ÄúEl ascenso de los neonazis en Ucrania‚Äù,Liberal,25,
Bernie ha estado luchando por el cuidado infantil durante d√©cadas.,Liberal,34,[https://youtu.be/Vabeos-F8Kk](https://youtu.be/Vabeos-F8Kk)
Harris asistir√° a la Conferencia de Seguridad de M√∫nich y hablar√° con el presidente ucraniano,Liberal,26,
¬øPor qu√© los izquierdistas llaman a Joe Biden ‚ÄúJim Crowe Joe‚Äù?,Liberal,37,"No vivo en Estados Unidos, por lo que no s√© mucho sobre su situaci√≥n presidencial y me preguntaba: ¬øC√≥mo es? ¬øQu√© ha hecho? ¬øPor qu√© no les gusta a los izquierdistas?"
Clyburn critica a Trump y otros elogian a Putin: 'Enemigos internos',Liberal,2,
La presentaci√≥n judicial de Trump sobre las finanzas de la empresa contradice la declaraci√≥n,Liberal,195,
"El Gobierno finalmente se dispone a derogar la ‚Äúobscena‚Äù Ley de Vagancia, la ley de 200 a√±os que convierte en delito dormir a la intemperie",Liberal,20,
No s√© si soy socialdem√≥crata o socialdem√≥crata.,Liberal,69,"Sigo obteniendo una de las dos en las pruebas pol√≠ticas, pero no s√© d√≥nde termina una y d√≥nde empieza la otra. Apoyo la reducci√≥n pero no la eliminaci√≥n del capitalismo, una fuerte representaci√≥n sindical, la reforma del lugar de trabajo y toneladas de programas de bienestar, un Green New Deal, un sector p√∫blico fuerte, la nacionalizaci√≥n de los recursos energ√©ticos y estoy abierto a nacionalizar otros sectores, pero a√∫n no estoy muy seguro de cu√°les espec√≠ficamente. 

Apoyar√≠a que no menos del 20% como m√°ximo fuera del sector privado. No estoy seguro de hasta d√≥nde quiero llegar, ese es mi l√≠mite. 

Tambi√©n me opongo a la URSS, la Rep√∫blica Popular China, Venezuela, etc., pero estoy a favor de un mayor poder sindical y equidad econ√≥mica y un enfoque m√°s fuerte en la sostenibilidad que en el crecimiento. Creo que los multimillonarios no deber√≠an existir. 

Tambi√©n apoyo la RBU, un salario digno, la reforma de la zonificaci√≥n, la disoluci√≥n de las grandes corporaciones, una fuerte regulaci√≥n y control de las empresas, etc. 

Mi pol√≠tica exterior es pragm√°tica, pero con un fuerte √©nfasis en los derechos humanos y en detener los genocidios y las dictaduras autoritarias. 

Me encantar√≠a recibir ayuda en esto."
Los conductores de autob√∫s hacen posible la escuela. Se merecen algo mejor. - Jacobin,"Ahora, antes de que todos me ataquen con un ""imposible, no existe tal cosa"", primero esc√∫chenme (y luego pueden atacarme despu√©s, jajaja)

(Desechable porque no quiero que esto est√© asociado a mi trabajo principal en caso de que mi trabajo lo encuentre alguna vez)

Actualmente trabajo en Recursos Humanos, pero pr√°cticamente soy un principiante (y en una empresa tecnol√≥gica emergente). Lo que significa que no hago ninguna de *esas* partes de Recursos Humanos: no recibo informes de acoso, no tomo decisiones sobre salarios, no manejo disputas entre gerentes y empleados, ni siquiera me entero si un empleado ha sido despedido hasta despu√©s de que se haya tomado la decisi√≥n.

Ahora bien, obviamente, este no siempre ser√° el caso si me quedo en Recursos Humanos; eventualmente, me ascender√°n a un puesto de Gerente de Recursos Humanos donde tendr√≠a que asumir este tipo de responsabilidades. Siempre pens√© que para entonces simplemente dejar√≠a mi trabajo e ir√≠a a la escuela de posgrado para obtener un MSW o algo que no me quitara el alma del cuerpo. 

Dicho esto, despu√©s de algunas conversaciones con varias personas, comenc√© a preguntarme si tal vez exista otra opci√≥n aceptable, en la que me quede en Recursos Humanos, asuma responsabilidades, pero influya en la organizaci√≥n de maneras sutiles. Quiero decir, obviamente nunca podr√≠a convencer a ning√∫n equipo ejecutivo o junta directiva de que abandone el capitalismo y adopte un enfoque socialista del trabajo, pero tal vez podr√≠a hacer cosas como ""estad√≠sticas creativas"" donde nuestros puntos de referencia salariales alienten a que nuestros trabajos peor pagados sean mejor pagados, o convertirme en un defensor de las voces de los empleados, ese tipo de cosas. 

Podr√≠a ser, por as√≠ decirlo, un agente encubierto del izquierdismo, jajaja. Escondi√©ndome a plena vista en un departamento de Recursos Humanos cerca de ti. 

El problema es que no tengo ni idea de c√≥mo hacer esto. Hay muchas asociaciones profesionales que podr√≠an quererme con un mentor en el campo, pero casi seguro que no tendr√≠an el punto de vista ideol√≥gico adecuado. S√© c√≥mo tiende a pensar esta gente.

Si toda esta idea resulta no ser viable, probablemente simplemente reducir√© mis p√©rdidas y cambiar√© de campo antes de que sea demasiado tarde (quiero decir, s√≠, t√©cnicamente seguir√≠a sin ser capitalista ya que no poseer√≠a ning√∫n medio de producci√≥n, pero aun as√≠, eso no significa que me sentar√≠a bien ser el lacayo/mono bailar√≠n/sheriff/etc. del capitalista. La parte ACAB de m√≠ est√° demasiado asustada por la idea). Pero si es posible, me encantar√≠a intentarlo. Pero necesito un asesor, ¬øsabes?

De todos modos, si alguien tiene alguna recomendaci√≥n sobre c√≥mo encontrar a mi Yoda, h√°zmelo saber. Y si has le√≠do todo esto y todav√≠a piensas que es una pregunta rid√≠cula y que no existe tal persona, sigue adelante y ll√°mame, te lo has ganado jajaja.",44,
"La prohibici√≥n de compraventa de acciones en el Congreso debe incluir a los c√≥nyuges, afirman los legisladores",Liberal,379,
"No, la CIA NO utiliz√≥ el anarquismo para perturbar a la izquierda durante el COINTELPRO - un hilo en respuesta a Ben Norton et al",Liberal,0,
Canad√°: se realizan contraprotestas contra convoyes de extrema derecha,Liberal,8,
¬°Bienvenidos compa√±eros antropoce√°nicos!,Liberal,2,
Una pregunta sobre Trotsky,Liberal,4,"Mi amigo y yo est√°bamos debatiendo si los impuestos deber√≠an ser opcionales, pero que solo te beneficien los gobiernos si los pagas, o si deber√≠an ser obligatorios. Me preguntaba qu√© opinas al respecto."
"Israel critica a Irlanda. C√≥mo responden los capitalistas a las cr√≠ticas al capitalismo cuando los socialistas se√±alan los hechos. El contexto: los socialistas irlandeses han criticado el trato que da el Gobierno de Israel al derecho del pueblo palestino a la propiedad, al acceso a un trabajo seguro, al agua y a la autodeterminaci√≥n.",Liberal,323,
Ideales socialistas en una sociedad capitalista como la estadounidense.,Liberal,8,Liberal
Liberal,Liberal,100,
¬øSiguen siendo una realidad los Estados clientes o es m√°s complicado? ¬øHay ejemplos actuales?,Liberal,3,"No tengo muchos conocimientos sobre este tema, pero ¬øson la mayor√≠a de los miembros de la OTAN y los pa√≠ses con bases militares estadounidenses (por ejemplo, Corea del Sur, Jap√≥n, Alemania) vasallos del imperialismo estadounidense o es una cuesti√≥n m√°s matizada?"
Trump busca cerrar la v√≠a de escape pol√≠tica de Liz Cheney,Estados Unidos registra super√°vit presupuestario de 119.000 millones de d√≥lares en enero; el primero en m√°s de dos a√±os,27,
"Sean Hannity desaf√≠a a Hillary Clinton a demandar mientras advierte que la cobertura deshonesta de la cadena se acerca ""a la malicia real"" - Sean El mentiroso traidor Hannity no ha aprendido nada de los problemas de Fox en la demanda presentada por Dominion Voting, quiere que Fox reciba una paliza con otra demanda, LOL",Liberal,669,
¬øUna revoluci√≥n socialdem√≥crata en Rusia y Bielorrusia?,Preguntas a los socialistas sobre la unificaci√≥n irlandesa,1455,
"No, la destituci√≥n del consejo escolar de San Francisco no fue un rechazo a la pol√≠tica progresista",Liberal,0,
La maternidad feliz en la Uni√≥n Sovi√©tica - Workers Today,Liberal,9,
Liberal,Liberal,2,
El director ejecutivo de una editorial dona 500.000 d√≥lares para luchar contra las prohibiciones de libros,"Mientras cientos de miles de personas huyen de Ucrania, los ciudadanos africanos est√°n recurriendo a las redes sociales para compartir sus relatos de discriminaci√≥n racial mientras intentan evacuar.",392,
Los trabajadores de Starbucks est√°n canalizando la frustraci√≥n que comparten millones de trabajadores del sector de servicios alimentarios en una campa√±a de sindicalizaci√≥n. Es la nueva campa√±a de sindicalizaci√≥n m√°s emocionante en Estados Unidos,Liberal,135,
Estoy leyendo sobre el Chile de Allende y me pongo triste,Liberal,287,
"¬°Hola a todos! Hice un peque√±o avance del juego en el que estoy trabajando, The Man Came Around (un thriller de supervivencia point and click con un mensaje izquierdista). Si te gusta el juego, considera agregarlo a tu lista de deseos en Steam. Significar√≠a mucho para ti.",Liberal,382,
Canad√°: ¬°Abajo la Ley de Emergencias de Trudeau!,Liberal,3,
¬øProblema con la gesti√≥n directa socialista?,"¬°Hola, soy nuevo y tengo ideas!",3,"Yo sol√≠a considerarme un socialista de mercado, pero cuanto m√°s leo, m√°s me doy cuenta de que los mercados son inherentemente problem√°ticos y que cualquier tipo de sistema cooperativo competitivo ser√≠a parasitario por naturaleza y conducir√≠a a su propia desaparici√≥n. 

Lo ideal ser√≠a que la industria fuera responsable ante el pueblo. El aspecto competitivo de la multiplicidad de industrias se puede eliminar si la gesti√≥n de estas industrias es elegida por el pueblo en lugar de ser incentivada a actuar a expensas de los trabajadores y los compradores siempre que sea posible. 

Sin embargo, tengo un problema con que los trabajadores elijan directamente a los gerentes de la industria en la que trabajan. Si este fuera el caso, ¬øno elegir√≠an los trabajadores simplemente una gesti√≥n que asignar√≠a la mayor√≠a de los recursos a su propio ocio a expensas de la producci√≥n? 

En cambio, ¬øpor qu√© no tener un representante estatal de la clase trabajadora? Y luego tener representantes de la industria elegidos por cualquiera de los miembros de la comunidad que trabaje. Esto incentivar√≠a la producci√≥n, ya que la gente elegir√≠a a la gesti√≥n de la industria y priorizar√≠a la producci√≥n, ya que consumir√≠an de ella. Tambi√©n habr√≠a una garant√≠a mutua de condiciones laborales favorables en todos los √°mbitos, ya que nadie podr√≠a votar por gerentes de otra industria que recortar√≠an dr√°sticamente las condiciones laborales para aumentar la producci√≥n sin temor a que lo mismo le sucediera a la industria en la que ellos mismos trabajan."
¬°Alternativa Socialista se une a los educadores de Twin Cities!,Liberal,13,
An√°lisis | C√≥mo la derecha abraz√≥ la falsa afirmaci√≥n de que Hillary Clinton ‚Äúespi√≥‚Äù al presidente Donald Trump,Liberal,125,
¬øNo eres una mujer heterosexual casada? Es posible que no puedas acceder a determinados servicios de atenci√≥n reproductiva en China,Liberal,33,
¬øQu√© carajo? ¬øQu√© est√° planeando Bezos?,Liberal,506,
Reflexiones sobre la UE,Liberal,3,Liberal
Los problemas legales de Trump se profundizan y podr√≠an traer nuevos problemas pol√≠ticos,Liberal,56,
El precio del petr√≥leo en el desierto de T√∫nez,Liberal,3,
Encuesta: el n√∫mero de adultos que se identifican como LGBTQ se ha duplicado desde 2012,Liberal,18,
8.000 educadores de Minneapolis y St. Paul votan para autorizar una huelga hist√≥rica,Liberal,60,
"La pobreza infantil aument√≥ un 41 por ciento en enero despu√©s de que expirara el programa de beneficios de Biden, seg√∫n un estudio",Liberal,178,
"Flashback: Trump llam√≥ a Buchanan ""extrema derecha"" y ahora va a√∫n m√°s lejos",Liberal,27,
"Janice Robinson, directora del programa Red, Wine and Blue de Carolina del Norte, habla sobre los esfuerzos de los padres para oponerse a la reciente prohibici√≥n de libros",Liberal,0,
De verdad que esta vez lo juramos.,Liberal,4159,
Blackburn & Blumenthal presenta un proyecto de ley terrible y peligroso para garantizar que los ni√±os sean vigilados constantemente en l√≠nea,Liberal,3,
El capitalismo ha matado a 100 millones de personas...,Liberal,380,
"""C√≥mo me hice socialista"" de Helen Keller publicado en 1912",Liberal,2,
Los dem√≥cratas piden al gobierno cancelar el contrato de arrendamiento del hotel de Trump en Washington,Liberal,76,
¬øPor qu√© tantos izquierdistas modernos parecen apoyar a Rusia en las relaciones internacionales?,Liberal,2,"Entiendo que, en muchos aspectos, la Uni√≥n Sovi√©tica fue el bando bueno en la Guerra Fr√≠a. 

Pero Rusia hoy es un estado olig√°rquico rico en petr√≥leo y extremadamente desigual con muchos problemas relacionados con la corrupci√≥n y la discriminaci√≥n LGBTQ (en t√©rminos del estado ruso moderno, no del pueblo ruso). 

Es uno de los pa√≠ses m√°s desiguales del mundo seg√∫n el √≠ndice de Gini y casi todo es propiedad de una peque√±a √©lite olig√°rquica vinculada a la mafia que compr√≥ todas las empresas estatales en la d√©cada de 1990 a expensas de los rusos comunes. 

¬øMuchos izquierdistas apoyan la pol√≠tica exterior rusa solo porque quieren un poder que contrarreste la hegemon√≠a estadounidense y los males de una pol√≠tica exterior estadounidense a menudo dirigida por intereses corporativos? Entiendo esto, pero creo que China es un mejor actor en este sentido. 

Por favor, ay√∫denme a entender. Tengo curiosidad. Muchas gracias."
El robo multimillonario de Biden en Afganist√°n apenas recibe menci√≥n en los noticieros de televisi√≥n - FAIR,Liberal,30,
Hait√≠ aumenta salario m√≠nimo hasta 54% tras protestas de trabajadores,P√°gina cinco: Enmienda a los proyectos de ley sobre un solo tema,8,"Busqu√© r/socialdemocracy y esperaba encontrarme con un reformismo al estilo de Bernie Sanders o Jeremy Corbyn. En cambio, veo gente defendiendo a la OTAN y a la polic√≠a, promoviendo las peque√±as empresas y el corporativismo social, y citando al Papa. Verlo te arruina un poco el d√≠a. ¬øAlguien ha tenido alguna buena experiencia con este tipo de gente? ¬øVale la pena intentar convencerlos?"
¬øCu√°l es la diferencia entre socialismo y socialismo democr√°tico?,Liberal,15,"Existen muchas definiciones diferentes de *socialismo* y *socialismo democr√°tico*. Muchos expertos parecen no estar de acuerdo con ciertas definiciones. En el Manifiesto Comunista, Marx se refiere a los t√©rminos *comunismo* y *socialismo* indistintamente.

Algunas personas ven al *socialismo* como un **comunismo diluido**.

Algunas personas ven al *socialismo* como un **estado de transici√≥n** **con** el ***comunismo*** **como objetivo final**.

Cuando nos adentramos en la esencia del socialismo, por supuesto nos referimos principalmente al *proletariado* tomando el control de los [medios de producci√≥n y una econom√≠a planificada](https://www.investopedia.com/terms/s/socialism.asp)**.**

Lo que el *comunismo* y el *socialismo* tienen en com√∫n ser√≠a:

\-El estado tiene el control de los **medios de producci√≥n**

\-Una **econom√≠a planificada**

Desde algunos puntos de vista, las diferencias entre *comunismo* y *socialismo* consisten en:

\-A√∫n existe** [**propiedad privada en el socialismo**](https://7esl.com/socialism-vs-communism/)

\-Las peque√±as empresas a√∫n podr√≠an operar (tiendas locales)

Por lo que me parece entender, las [diferencias entre socialismo y socialismo democr√°tico](https://www.youtube.com/watch?v=tcAQB3oPzt0) son las siguientes: es:

\-Los socialistas democr√°ticos **rechazan** el concepto marxista-leninista de **econom√≠a planificada**

\-Los socialistas democr√°ticos tienen ***algunos*** aspectos del *capitalismo* en lo que se refiere a *oferta y demanda*

\-Los socialistas democr√°ticos quieren [**nacionalizar la mayor√≠a de las industrias clave pero no todas**](https://pediaa.com/difference-between-socialism-and-democratic-socialism/)

\-Los socialistas democr√°ticos quieren que **las decisiones de la empresa las tomen los empleados** [(autogesti√≥n de los trabajadores)](https://en.wikipedia.org/wiki/Workers%27_self-management)

\-Los socialistas democr√°ticos **no quieren un estado de partido √∫nico**, sino una **democracia plena con m√∫ltiples partidos**

Me gustar√≠a saber si hay algo que me estoy perdiendo o si me equivoqu√© en algo. Estoy tratando de entender mejor la diferencia entre *comunismo, socialismo y socialismo democr√°tico*."
Republicanos de Utah proponen una ‚Äúcomisi√≥n‚Äù para analizar los cuerpos de los ni√±os trans,Liberal,19,
¬øCu√°les son sus opiniones sobre el Partido Laborista brit√°nico en su conjunto?,Liberal,20,"¬øCrees que se han desplazado demasiado hacia el centro? Es solo una discusi√≥n :)

Editar: Creo que vi a alguien decir que el Partido Laborista ha abandonado los valores socialdem√≥cratas. ¬øQu√© piensas?"
"Marx escribi√≥ que el capitalismo surgi√≥ ‚Äúchorreando sangre y suciedad de pies a cabeza, por todos los poros‚Äù. Estaba observando la brutalidad del racismo durante el ascenso del capitalismo. | ¬øQu√© sentido tiene el racismo?",Biden anuncia que el Departamento de Justicia sumar√° un fiscal para casos de fraude pand√©mico: ‚ÄúLos organismos de control han vuelto‚Äù,5,
Noam Chomsky: ‚ÄúExisten acuerdos regionales plausibles para Ucrania y China‚Äù,Liberal,2,
Los baristas de Buffalo desatan una ola de organizaci√≥n en Starbucks,Liberal,80,"Vacunas, confinamientos y pases covid: la pandemia contin√∫a, pero tambi√©n la lucha de clases - Battaglia Comunista"
"Los ataques a la guerra cultural del Partido Republicano son ""alarmantemente potentes"", advierte el DCCC",Liberal,30,
La promesa de Biden de poner a una mujer negra en la Corte Suprema genera emociones encontradas entre los abogados y jueces negros,Liberal,12,
Juez ordena a Donald Trump testificar en demanda de Nueva York,Liberal,430,
Patriotismo de izquierdas: mira mi primer video,Liberal,19,[https://youtu.be/gnEWAVOPw6o](https://youtu.be/gnEWAVOPw6o)
La deuda por pr√©stamos estudiantiles est√° frenando el avance de Estados Unidos,C√≥mo responden los republicanos a la guerra de Rusia contra Ucrania: NPR,19,
¬øCu√°les son algunos ejemplos de leyes que fomentan los sindicatos?,Liberal,2,"Por ejemplo, aunque en Islandia no se puede obligar a un trabajador a *afiliarse* a un sindicato, si recibe un salario y beneficios como parte de un convenio colectivo, aun as√≠ tiene que pagar cuotas al sindicato y cumplir con todas las reglas que forman parte del convenio. Ahora bien, ¬øes por eso que la participaci√≥n sindical en Islandia es superior al 90%? En Suiza es solo del 20% y en los EE. UU. menos del 10%."
¬øPor qu√© parece que tantos izquierdistas apoyan a la OTAN?,Liberal,87,"¬øEs s√≥lo algo que solo est√° en mi cabeza o muchos izquierdistas, ya sabes, han estado del lado de la OTAN en la situaci√≥n de Ucrania en lugar de hacerlo con la diplomacia?"
Juez dictamina que Donald Trump y dos de sus hijos deben ser interrogados por el fiscal general de Nueva York,Liberal,904,
Definitivamente.,Liberal,0,
Pregunta r√°pida: ¬øPor qu√© se disolvieron los Consejos Obreros Sovi√©ticos?,Liberal,11,Creo que hay un amplio consenso en que este fue uno de los primeros errores que cometi√≥ la Uni√≥n Sovi√©tica. Me pregunto si hubo alguna explicaci√≥n de por qu√© se cometi√≥. ¬øPodr√≠a haber servido para construir un estado socialista? ¬øQuiz√°s para garantizar que s√≥lo la vanguardia pudiera guiar a la URSS hacia el socialismo sin que los consejos sovi√©ticos iniciaran una contrarrevoluci√≥n?
Una lectura cr√≠tica de ‚ÄúRebeli√≥n en la granja‚Äù (por Jones Manoel del Partido Comunista de Brasil),Liberal,5,
Un m√©dico elogiado por un senador republicano le dice a Alex Jones que la pandemia podr√≠a terminarse mediante atentados y asesinatos,Liberal,18,
La pobreza antes y despu√©s de la destrucci√≥n de la URSS,Liberal,49,
Las criptomonedas no nos liberar√°n,Liberal,28,
Los CDC afirman que el coronavirus demostr√≥ que el racismo es una amenaza para la salud,Liberal,3,
Noam Chomsky: ‚ÄúExisten acuerdos regionales plausibles para Ucrania y China‚Äù,Liberal,0,
Noam Chomsky: ‚ÄúExisten acuerdos regionales plausibles para Ucrania y China‚Äù,Liberal,3,
La cancelaci√≥n de la deuda estudiantil es un asunto de mujeres: nosotras soportamos dos tercios de la carga,Liberal,158,
"Si persisten las desigualdades, √Åfrica podr√≠a no alcanzar el 70% de vacunaci√≥n hasta finales de 2024",Liberal,1,
Grupos financiados por Estados Unidos presionan en Europa para eliminar el gasoducto Nord Stream 2,Liberal,3,
Liberal,Liberal,9,
"Cinco contiendas por la C√°mara de Representantes que hay que tener en cuenta, desde Montana hasta Texas, mientras se calientan las elecciones de 2022",Liberal,8,
üñ§,Liberal,36,
¬øC√≥mo solucionamos la crisis de opi√°ceos en Estados Unidos?,Liberal,10,
[OC] Los salarios en Estados Unidos est√°n cayendo en t√©rminos reales,Liberal,1955,
"Biden buscar√° m√°s de 770 mil millones de d√≥lares en el presupuesto de defensa de 2023, dicen fuentes",Liberal,18,
Eso lo resume todo.,Liberal,5354,
La guerra es un fraude: desfinanciar y reducir la escalada | Revoluciones por minuto - Radio de DSA de Nueva York,Liberal,4,
