Text,Code,libertad_personal_score,libertad_economica_score,text_processed
"Constitució d’un Consell Estatal de l’Habitatge, amb representació política i social ampla, amb funcions d’observatori de l’evolució del sector i d’organisme consultiu i de proposta.",504,-1,-1,constituceír dun consell estatal lhabitatge amb representaceír político i social amplir amb funcions dobservatori levoluceír sector i dorganisme consultiu i proposta
"que incremente en forma acompasada su capacidad de recaudación, reconociendo la desigualdad y determinando consecuentemente que corresponde que el 1 por ciento más rico haga la contribución principal;",503,1,-1,incremente forma acompasado capacidad recaudación reconocer desigualdad determinar consecuentemente corresponder ciento rico hacer contribución principal
"Esto permitió reducir la tasa de deforestación, no sólo revirtiendo la pérdida sino incrementando la cobertura forestal en términos netos.",416.2,0,-1,permitir reducir tasa deforestación no sólo revertir pérdida sino incrementar cobertura forestal término neto
"Redefinir la política social del país, para que efectivamente contribuya a reducir en números absolutos la pobreza, la marginación y la desigualdad, y que mejore la vida de las familias; bajo criterios de subsidiariedad, garantizando el desarrollo humano.",504,-1,-1,redefinir política social país efectivamente contribuir reducir número absoluto pobrezar marginación desigualdad mejore vida familia bajo criterio subsidiariedad garantizar desarrollo humano
"Gracias a esa renegociación de los contratos petroleros, el 100 % del incremento del precio internacional del petróleo es para todos los ecuatorianos.",413,0,-1,gracias renegociación contrato petrolero incremento precio internacional petróleo ecuatoriano
"Durante el período de transición, el INURBE tendrá las funciones de realizar las convocatorias nacionales y la selección de los municipios.",504,-1,-1,período transición inurbar función realizar convocatoria nacional selección municipio
Definir una estrategia de desarrollo forestal que disminuya la deforestación producida por el corte de árboles para fines energéticos.,416.2,0,-1,definir estrategia desarrollo forestal disminuir deforestación producido corte árbol fin energético
porque entendemos que desde el momento de diag-nóstico del cáncer debe ser tratado con premura para mejorar su pronóstico;,504,-1,-1,entender momento diagnóstico cáncer deber ser tratar premura mejorar pronóstico
"- En intermediación laboral (orientación, formación y empleo) garantizar la presencia de profesionales con dominio de la Lengua de Signos o en su defecto de intérpretes de Lengua de Signos.",504,-1,-1,intermediación laboral orientación formación empleo garantizar presencia profesional dominio lenguir signo defecto intérprete lenguar signo
"Las principales estrategias seran: •  Promover campañas masivas de informacion y prevencion en los medios de comunicacion, para dar a conocer los riesgos que presenta el consumo de drogas ilfcitas.",504,-1,-1,principal estrategia serar promover campaña masivo informacion prevencion medio comunicacion dar conocer riesgo presentar consumo droga ilfcita
"Se debe fortalecer también la función de la Superintendencia de Subsidio Familiar como organismo de control y vigilancia, de tal manera que se otorgue la responsabilidad de garantizar la ejecución de los recursos dentro de los lineamientos del Plan y las normas que regulan el sistema.",504,-1,-1,deber fortalecer función superintendencia subsidio familiar organismo control vigilancia tal manera otorgar responsabilidad garantizar ejecución recurso dentro lineamiento plar normas regular sistema
"b. Detección temprana de los factores de riesgo que inciden en la aparición de enfermedades crónicas en la población adulta y adulta mayor, con énfasis en las neurodegenerativas.",504,-1,-1,b detección temprano factor riesgo incidir aparición enfermedad crónico población adulto adulto mayor énfasis neurodegenerativo
Alcanzar altos grados de integración social permitirá que los procesos acumulativos de desarrollo tengan un marco común y que los esfuerzos compartidos incentiven políticas públicas reconocidas y valoradas transversalmente.,416.2,0,-1,alcanzar alto grado integración social permitir proceso acumulativo desarrollo marco común esfuerzo compartido incentiven política público reconocido valorado transversalmente
"El Desarrollo Sostenible, es un desarrollo que garantiza las necesidades de los habitantes de hoy sin poner en peligro el bienestar de las futuras generaciones.",416.2,0,-1,desarrollo sostenible desarrollo garantizar necesidad habitante hoy poner peligro bienestar futuro generación
"Por eso, nuestra apuesta es promover el desarrollo territorial sostenible,",416.2,0,-1,apostar promover desarrollo territorial sostenible
"Asimismo, conforme a datos del Banco Mundial, Chile es el séptimo país en el planeta en nivel de desigualdad, en que el 20% más rico se lleva un 70% de la riqueza y casi el 50% de toda la recaudación tributaria viene del IVA, impuesto que es esencialmente regresivo.",503,1,-1,asimismo conforme dato banco mundial chile séptimo país planeta nivel desigualdad rico llevar riqueza casi todo recaudación tributario venir iva impuesto esencialmente regresivo
"Se destinarán a este fondo, dentro de los próximos cuatro años, entre US$8 y US$10 mil millones, en total.",504,-1,-1,destinar fondo dentro próximo cuatro año us us mil millón total
"c) un ambiente saludable y equilibrado es una responsabilidad del Estado, no solo del ministerio respectivo; y",416.2,0,-1,c ambiente saludable equilibrado responsabilidad no solo ministerio respectivo
"Eso multiplicará el patrimonio y el crédito, apoyando el emprendimiento popular en esas zonas.",504,-1,-1,multiplicar patrimonio crédito apoyar emprendimiento popular zona
"Promoure iniciatives de comerç just, garantint la transparència de la seva gestió i els seus objectius d’ètica i justícia social.",503,1,-1,promoure iniciativ comer just garantint transparnciar seva gesteír i el seus objectius dtico i justícia social
la gestión tributaria;,413,0,-1,gestión tributario
Establecer una norma común de garantía de tiempos máximos de acceso al Sistema Nacional de Salud.,504,-1,-1,establecer norma común garantía tiempo máximo acceso sistema nacional salud
"Esta población se enfrenta a múltiples barreras, para ejercer su derecho a la autonomía personal y la toma de decisiones, afectando su participación e inclusión social.",503,1,-1,población enfrentar múltiple barrera ejercer derecho autonomía personal tomar decisión afectar participación inclusión social
"d) De no estar ya contemplada tal posibilidad en nuestras leyes vigentes, sugerimos adoptar las medidas legales necesarias para crear una política de tributación progresiva con el fin de redistribuir, a través del gasto público, el ingreso y la riqueza nacional.",503,1,-1,d no contemplado tal posibilidad ley vigente sugerimos adoptar medida legal necesario crear político tributación progresivo fin redistribuir través gasto público ingreso riqueza nacional
"Impulsar la vivienda nacional, Igualmente conseguir líneas de crédito en el exterior para entregar vivienda sin costo a aquellos que viviendo en barrios marginales o periféricos tengan su terreno propio, o que teniendo su vivienda sea de tal rusticidad que amerite su reconstrucción.",504,-1,-1,impulsar vivienda nacional igualmente conseguir línea crédito exterior entregar vivienda costo aquel vivir barrio marginal periférico terreno propio vivienda tal rusticidad amerite reconstrucción
"Además, en dichos intentos no se dieron explicaciones a la sociedad, ni se buscó construir consensos con las principales fuerzas políticas representadas en el Congreso, en torno a las necesidades de infraestructura, regulación, seguridad pública, educación, salud, pensiones y seguridad social que se financiarían con la refor-ma.",408,0,-1,además dicho intento no dar explicación sociedad ni buscar construir consenso principal fuerza política representado congreso torno necesidad infraestructuro regulación seguridad público educación salud pensión seguridad social financiarían reforma
No hay Salud sin Justicia.,504,-1,-1,no salud justicia
"A més, és imprescindible una reforma fiscal profunda que ha de basar-se en garantir recursos suficients per a fer sostenible la despesa pública, redistribuir cap als que menys tenen i eliminar els privilegis d’uns pocs.",503,1,-1,més és imprescindible reforma fiscal profundo basar él garantir recurso suficients per fer sostenible despesar público redistribuir cap als menys tener i eliminar el privilegis duns pocs
"6. Establecimiento de una normativa, clara y transparente para la adquisición de servicios privados únicamente en aquellos casos urgentes médicamente y que no puedan ser brindados por la Caja.",504,-1,-1,establecimiento normativo claro transparente adquisición servicio privado únicamente aquel caso urgente médicamente no poder ser brindado caja
"Mediremos a través de indicadores la contribución del programa a la mejora en el desarrollo cognitivo y el rendimiento escolar,",504,-1,-1,medir través indicador contribución programa mejor desarrollo cognitivo rendimiento escolar
"Se trata, en síntesis, de establecer las bases de una economía altamente competitiva, capaz de obtener una integración adecuada con el exterior y el fin del subdesarrollo.",409,0,-1,tratar síntesis establecer base economía altamente competitivo capaz obtener integración adecuado exterior fin subdesarrollo
• Una excesiva concentración espacial de la actividad.,416.2,0,-1,excesivo concentración espacial actividad
"en especial, para aquellos que ya tienen casa, pero que sus condiciones de vida están afectadas gravemente por el deterioro de sus viviendas y barrios",504,-1,-1,especial aquel casa condiciones vido afectado gravemente deterioro vivienda barrio
De acuerdo con estos valores y principios planteamos nuestras propuestas para la sanidad española en los siguientes ejes:,504,-1,-1,acuerdo valor principio plantear propuesta sanidad español siguiente eje
"Los suscritos, Candidatos a la Presidencia de la República de Panamá para el periodo 2019-2024, conscientes de la responsabilidad social y del respeto a los derechos humanos, en especial de las víctimas del envenenamiento masivo con Dietilenglicol, nos comprometemos que durante el primer semestre de nuestro gobierno, crearemos una Comisión de Alto Nivel con la participación de los representantes de las víctimas, a efecto de analizar, estudiar y explorar alternativas o posibilidades de soluciones de nitivas que tengan el efecto de desistir de las acciones legales interpuestas por las víctimas a través de sus representantes legales”.",503,1,-1,suscrito candidato presidencia repúblico panamá periodo consciente responsabilidad social respeto derechos humanos especial víctima envenenamiento masivo dietilenglicol comprometer primero semestre gobierno crearer comisión alto nivel participación representante víctima efecto analizar estudiar explorar alternativo posibilidad solución nitiva efecto desistir acción legal interpuesto víctima través representante legal
"y evaluar la construcción de otros centros de atención, según necesidades de salud de la población, su densidad y oferta de servicios existentes.",504,-1,-1,evaluar construcción centro atención según necesidad salud población densidad oferto servicio existente
"El Estado puede apoyar este aprendizaje con información, asesoría y capacitación,",504,-1,-1,poder apoyar aprendizaje información asesorío capacitación
"Así, garantizaremos que al menos la mitad de las personas con posibilidad de ser representantes políticas sean mujeres.",503,1,-1,así garantizar menos mitad persona posibilidad ser representante política mujeres
Introducirse en esta problemática constituye un paso trascendente en la reforma del Sector Salud que requiere estudios e inversiones que posibiliten la atención de veinte (20) millones de habitantes que se hallan actualmente en situación de cobertura insuficiente.,504,-1,-1,introducir él problemática constituir paso trascendente reforma sector salud requerir estudio inversión posibilitir atención veinte millón habitante hallar actualmente situación coberturo insuficiente
"Resguardaremos el derecho a la no discriminación en educación, salud, justicia y vivienda de madres, padres, hijos e hijas que provengan de estructuras familiares y de condiciones económicas y culturales distintas.",503,1,-1,resguardarer derecho no discriminación educación salud justicia viviendir madre padr hijo hija provengar estructura familiar condición económico cultural distinto
Supongamos que el 100% de esos fondos llegaran directamente al beneficiario.,503,1,-1,suponer fondo llegar directamente beneficiario
"con especial foco en generar oportunidades para las personas mayores de 18 años, carencia que existe notoriamente en el país y debe ser atendida.",504,-1,-1,especial foco generar oportunidad persona mayor año carencia existir notoriamente país deber ser atender
"Junto a lo anterior, el Estado debe regular y limitar los costos de administración de las AFP, entre otros los asociados a publicidad, de manera de que estos digan relación con los servicios efectivamente prestados.",504,-1,-1,junto anterior deber regular limitar costo administración afp asociado publicidad manera decir relación servicio efectivamente prestado
"Lo realizaremos como una de las principales partes de la estrategia de reducción de la pobreza, para mejorar el nivel de vida rural con la participación de las poblaciones afectadas.",503,1,-1,realizarer principal parte estrategia reducción pobrezar mejorar nivel vida rural participación población afectado
"Más de 257.000 personas dependientes con derecho a una prestación (el 23,5%) se encuentran en lista de espera para percibirla.",504,-1,-1,persona dependiente derecho prestación encontrar listo esperar percibir él
"el segundo, está relacionado con la distribución espacial de la población.",504,-1,-1,segundo relacionado distribución espacial población
"Deberá determinarse la posibilidad de reprivatizar el bien o servicio, o de reestatizar la administración, con la debida compensación, (debe ser negociada dentro de la privatización del bien o servicio).",413,0,-1,deber determinar él posibilidad reprivatizar bien servicio reestatizar administración debido compensación deber ser negociar dentro privatización bien servicio
• Subsector público: base de un sistema integrado de salud.,504,-1,-1,subsector público base sistema integrado salud
Pobladores de Áreas Comarcales y Deprimidas.,504,-1,-1,poblador área comarcal deprimido
"Se requiere promover la participación de las mujeres y hombres, asl como el involucramiento de los mandos superiores de la función pública para realizar cambios graduales. sostenidos en el tiempo y fundados en estrategias concretas y presupuestos sensibles al género.",503,1,-1,requerir promover participación mujer hombr asl involucramiento mando superior función público realizar cambio gradual sostenido tiempo fundar estrategia concreto presupuesto sensible género
Protección del Aire y de la Atmósfera,,0,0,protección aire atmósfero
México ha sido perdedor en los cambios estructurales promovidos por el neoliberalismo desde la década de los ochenta.,701,0,0,méxico ser perdedor cambio estructural promovido neoliberalismo décado ochenta
"La segundad ciudadana requiere una solución integral en varios ámbitos, a la cual deben aportar todos los poderes del Estado,",605.1,-1,0,segundad ciudadano requerir solución integral varios ámbito deber aportar poder
Se acentuó el clientelismo unido a la falta de transparencia en la selección de beneficiarios; el escaso o nulo recupero de la cartera de préstamos; las irregularidades en la situación de dominio de los ocupantes; la preferencia por la vivienda terminada y de alto costo; etc.,304,0,0,acentuar clientelismo unido faltar transparencia selección beneficiario escaso nulo recupero cartera préstamos irregularidad situación dominio ocupante preferencia vivienda terminado alto costo etc
"Aun cuando las personas sean remplazadas, debe prevalecer el cumplimiento de las reglas y acuerdos, es decir, la institucionalidad.",202.1,0,0,aun persona remplazada deber prevalecer cumplimiento regla acuerdo decir institucionalidad
Fomentaremos políticas de disminución de las emisiones y residuos tanto en el ámbito doméstico,501,0,0,fomentaremos política disminución emisión residuo ámbito doméstico
Mejoramiento constante del nivel de vida de la población: d.         Política salarial que permita a los trabajadores atender sus necesidades básicas y acrecentar su patrimonio.,701,0,0,mejoramiento constante nivel vida población d político salarial permitir trabajador atender necesidad básico acrecentar patrimonio
Los países más competitivos de nuestro entorno son precisamente aquellos que han adoptado metas ambientales más ambiciosas.,501,0,0,país competitivo entorno precisamente aquel adoptado meta ambiental ambiciosa
"Convergéncia i Unió modificará el sistema de tributación de los rendimientos forestales para permitir su inclusión sin limitaciones en el sistema de módulos,",703,0,0,convergéncia i unir modificar sistema tributación rendimiento forestal permitir inclusión limitación sistema módulos
8.3 Garantizar los derechos de las personas jóvenes,H,0,0,garantizar derecho persona joven
"Profundizaremos los sistemas de protección del medio ambiente del sector, cuidando los activos naturales y sistemas hídricos,",501,0,0,profundizarer sistema protección medio ambiente sector cuidar activo natural sistema hídrico
"Reforzaremos la lucha contra el tráfico de drogas de manera integrada, acometiendo tanto la persecución de grandes narcotraficantes como la lucha contra el menudeo,",605,0,0,reforzarer lucha tráfico droga manera integrado acometer persecución grande narcotraficant lucha menudeo
"Hay que extender el aprendizaje de la comunicación desde la escuela y rechazar las posibles actitudes recelosas y defensivas contra los medios de comunicación y hacer aflorar el urgente debate en la sociedad para que sean los ciudadanos /as y sólo ellos, los que decidan sobre cuál es el modelo de comunicación que desean para sí y para sus hijos.",502,0,0,extender aprendizaje comunicación escuela rechazar posible actitud receloso defensivo medio comunicación hacer aflorar urgente debate sociedad ciudadano as sólo decidan cuál modelo comunicación desear hijo
"Difundiremos permanentemente por todos los medios, los nombres y las fotografías de los delincuentes más buscados y los teléfonos nacionales de denuncia ciudadana.",605,0,0,difundiremos permanentemente medio nombr fotografía delincuent buscado teléfono nacional denuncia ciudadano
1.2.3.Alfabetización digital para que nadie se quede fuera,H,0,0,alfabetización digital nadie quedar
"Promover el uso inteligente de las nuevas tecnologías de información y conocimiento para fortalecer la eficiencia, transparencia y la institucionalidad.",303,0,0,promover uso inteligente nuevo tecnología información conocimiento fortalecer eficiencia transparencia institucionalidad
"de nuestros hombres y de nuestras mujeres,",416,0,0,hombre mujer
El Senado ha dejado de ser útil a la ciudadanía por la incompetencia y el mal uso que han hecho de él aquellos que lo defienden.,303,0,0,senado dejar ser útil ciudadanía incompetencia mal uso hecho aquel defender
"Política de alianzas para el cumplimiento de objetivos nacionales. La propuesta del Partido del Trabajo está encaminada a configurar acuerdos nacionales con otros partidos y fuerzas políticas y con los más amplios sectores de la sociedad para que juntos cambiemos la correlación de fuerzas, y así podamos establecer un Proyecto Nacional democrático y con equidad económica y social.",606,0,0,político alianza cumplimiento objetivo nacional propuesta partido trabajo encaminado configurar acuerdo nacional partido fuerza política amplio sector sociedad junto cambier correlación fuerza así poder establecer proyecto nacional democrático equidad económico social
— Drets de les persones refugiades (rebutjada).,201.2,1,0,dret persón refugiad rebutjado
"De ahí que el propósito de este texto sea clarificar la relación entre derechos humanos y civiles, a la luz de las necesidades más urgentes de la población LGBT en Chile,",201.2,1,0,ahí propósito texto clarificar relación derechos humanos civil luz necesidad urgente población lgbt chile
"Estimularemos a ciudadanos y organismos de la sociedad civil a colaborar en la identificación, análisis, determinación y priorización de problemas públicos, así como a construir soluciones más efectivas que respondan a las necesidades y aspiraciones ciudadanas.",303,0,0,estimularemos ciudadano organismo sociedad civil colaborar identificación análisis determinación priorización problema público así construir solución efectivo responder necesidad aspiración ciudadano
"Para responder a las necesidades del alumnado con dificultades generalizadas de aprendizaje, se potenciarán los refuerzos educativos, la atención personalizada y otras medidas que favorezcan la superación de dichas dificultades y su progreso en el aprendizaje.",506,0,0,responder necesidad alumnado dificultad generalizado aprendizaje potenciar refuerzo educativo atención personalizado medida favorecer superación dicho dificultad progreso aprendizaje
"6. Establecimiento de pago de servicios agroambientales,",703.1,0,0,establecimiento pago servicio agroambiental
Transferència de la competència en matèria de propietat intel·lectual a les comunitats autónomes.,301,0,0,transferncia competncia matrio propietat intellectual comunitats autónom
−  Negociarem la modificació de la Llei del Sector Ferroviari i la de la Llei d’Ordenació dels Transports Terrestres perquè la Generalitat pugui gestionar completament el Pla de Rodalies i escollir els operadors ferroviaris dels serveis de Rodalies i Regionals de Catalunya,301,0,0,negociarem modificaceír llei sector ferroviari i llei dordenaceír dels transports terrestre perqu generalitat pugui gestionar completament pla rodali i escollir el operadors ferroviari dels serveis rodali i regionals catalunya
10. Cultura del envejecimiento,H,0,0,cultura envejecimiento
La Argentina ocupó un lugar entre las diez primeras naciones del mundo hasta la segunda guerra mundial.,601.1,0,0,argentino ocupar lugar diez primero nación mundo segundo guerra mundial
1. Motivación,H,0,0,motivación
"La Constitución Política del Estado aprobada en enero del 2009, mediante el Referéndum Constituyente, sirvió para sellar los acuerdos logrados por el MAS, PODEMOS, MNR y Unidad Nacional en el Congreso Nacional al margen de la Asamblea Constituyente, que no aprobó ningún documento de consenso.",204,0,0,constitución político aprobado enero mediante referéndum constituyente servir sellar acuerdo logrado mas poder mnr unidad nacional congreso nacional margen asamblea constituyente no aprobar ninguno documento consenso
EJECUTAR LAS REFORMAS INSTITUCIONALES QUE QUEDAN PENDIENTES PARA QUE UN ESTADO EFICIENTE RECUPERE SU LEGITIMIDAD FRENTE A LOS CIUDADANOS,303,0,0,ejecutar reforma institucional quedar pendiente eficiente recuperar legitimidad frente ciudadano
"Hoy, consideramos el estudio de algunas cuestiones:",,0,0,hoy considerar estudio cuestión
"467. Impulsar la participación activa de la sociedad en programas de ahorro de energía, así como priorizar las energías renovables para el abastecimiento de electricidad con una perspectiva de protección del clima y medio ambiente.",501,0,0,impulsar participación activo sociedad programa ahorro energía así priorizar energía renovable abastecimiento electricidad perspectivo protección clima medio ambiente
De forma más específica tenemos los siguientes datos sobre emisión:,501,0,0,forma específico siguiente dato emisión
"Se estima que el programa incrementara nuestra capacidad de exportar a más de 10 nuevos destinos, incluyendo a Estados Unidos y la Unión Europea, una vez se cumpla con las condiciones que el programa presenta.",703.1,0,0,estimar programa incrementara capacidad exportar nuevo destino incluir unido unión europeo vez cumplir condiciones programa presentar
El trabajo es primordial para el ser humano.,701,0,0,trabajo primordial ser humano
Aprobar una Ley que regule la apatridia configurando un marco general de esta figura.,201.2,1,0,aprobar ley regule apatridio configurar marco general figurar
"En deﬁnitiva planteamos un nuevo marco constitucional que permita consolidar los derechos sociales,",204,0,0,denitiva plantear nuevo marco constitucional permitir consolidar derecho social
Principio de la calidad y de la excelencia,,0,0,principio calidad excelencio
Emprendimos la reestructuración más ambiciosa del Estado y la Función Ejecutiva y continuaremos haciéndolo.,303,0,0,emprendimos reestructuración ambicioso función ejecutivo continuaremos haciéndolo
d) Protección del Medio Ambiente,H,0,0,d protección medio ambiente
"que regule la utilización de sus recursos de forma sostenible,",501,0,0,regule utilización recurso formar sostenible
Implementación de acciones que conduzcan a disminuir en forma significativa los costos económicos de los trámites de regularización para las personas migrantes.,602.2,0,0,implementación acción conduzcar disminuir forma significativo costo económico trámite regularización persona migrant
"además del derecho de  las  generaciones  futuras  a  disfrutar  de  un  patrimonio  ambiental  y  cultural  en  condiciones  sostenibles,",501,0,0,además derecho generación futuro disfrutar patrimonio ambiental cultural condición sostenible
Ampliar y mejorar el sistema de Cercanías (Rodalies) de la región metropolitana de Barcelona,H,0,0,ampliar mejorar sistema cercanía rodali región metropolitano barcelona
"el Túria,",501,0,0,túrio
"La generación de estrategias tendientes a modificar las percepciones ciudadanas sobre la Administración, referidas a su ineficacia e ineficiencia, arbitrariedad, corrupción, falta de continuidad, clientelismo, despilfarro y mal uso de los servicios públicos.",303,0,0,generación estrategias tendient modificar percepción ciudadano administración referido ineficacia ineficiencio arbitrariedad corrupción faltar continuidad clientelismo despilfarrir mal uso servicio público
"Por otra parte, persiste la falta de armonización de los procesos productivos y el mundo del trabajo con la vida familiar y las condiciones de las mujeres.",706,0,0,parte persistir falta armonización proceso productivo mundo trabajo vida familiar condición mujer
Vamos a seguir creando una República Dominicana para todos y todas.,305.1,0,0,ir seguir crear república dominicano todo
"Rechazar todo tipo de colonialismo, neocolonialismo, globalización neoliberal o cualquier forma de intervención interna de organismos o potencias extranjeras.",103.1,1,0,rechazar tipo colonialismo neocolonialismo globalización neoliberal cualquiera forma intervención interno organismo potencia extranjero
Apoyar el crecimiento de las jóvenes empresas innovadoras.,402,0,1,apoyar crecimiento joven empresa innovadora
Infraestructuras y equipamientos públicos.,411,0,1,infraestructura equipamientos público
"La formación dual es una modalidad del proceso de enseñanza– aprendizaje de educación profesional y técnica, tanto pública como privada, que permite la capacitación práctica en una empresa y, de manera simultánea, los conocimientos teóricos en el centro de enseñanza, ya sea el INA u otro centro.",411,0,1,formación dual modalidad proceso enseñanzar aprendizaje educación profesional técnica público privado permitir capacitación práctico empresa manera simultáneo conocimiento teórico centro enseñanza ín u centro
"consistente en el desarrollo de formas de Estado social, participativo y solidario que tiendan a basarse en una planificación democrática de la economía y contribuyan a poner en pie una alternativa a la que en la práctica está imponiendo el actual bloque de derechas.",403,0,1,consistente desarrollo forma social participativo solidario tiendar basar él planificación democrático economía contribuir poner pie alternativa práctico imponer actual bloque derecho
"• Establecer al menos cincuenta (50) grupos de eficiencia colectiva en MIPYMEs, en diferentes puntos del país, en apoyo a sectores como la Artesanía, Calzado, Muebles, Metalmecánica, Productores de Productos Lácteos, Cítricos y Cazabe, Dulces, ect.",402,0,1,establecer menos cincuenta grupo eficiencia colectivo mipymes diferente punto país apoyo sector artesanir calzado muebl metalmecánico productor producto lácteo cítrico cazabir dulce ect
Los proyectos energéticos compiten por el uso territorial con variadas otras actividades económicas y acciones de conservación y desarrollo medioambiental y cultural.,403,0,1,proyecto energético competir uso territorial variado actividad económico acción conservación desarrollo medioambiental cultural
al ser el país que tiene el mayor número de acuerdos comerciales firmados,401,0,1,ser país mayor número acuerdo comercial firmado
"(u) la capacidad real de atraer capital privado para nuevos proyectos de exploración y explotación. En las condiciones actuales, de los contratos de asociación, y de precio del crudo, es imposible atraer capi tal privado para proyectos con perspectivas menores de 200 Mbls por campo.",411,0,1,u capacidad real atraer capital privado nuevo proyecto exploración explotación condición actual contrato asociación precio crudo imposible atraer capi tal privado proyecto perspectiva menor mbls campo
Los usuarios del transporte público tienen que tener voz y participación en la red de transporte urbano.,403,0,1,usuario transporte público tener voz participación red transporte urbano
"- establecer las infraestructuras para el transporte, de irrenunciable carácter público, en forma de red, para promover el equilibrio territorial y evitar la generación de grandes aglomeraciones urbanas;",411,0,1,establecer infraestructura transporte irrenunciable carácter público formar red promover equilibrio territorial evitar generación grande aglomeración urbano
"* Controlar y abatir efectivamente el proceso inflacionario, que tiende a acentuar las desigualdades.",414,0,1,controlar abatir efectivamente proceso inflacionario tender acentuar desigualdad
"Se crearán por lo menos 15 nuevas carreras, especialmente en las áreas de las ingenierías, las ciencias básicas y las tecnologías.",411,0,1,crear menos nuevo carrera especialmente área ingeniería ciencia básico tecnología
"La conexión ferroviaria entre Vitoria-Gasteiz y Donostia-San Sebastián –hasta París-, a través del puerto de Otzaurte, es insatisfactoria y con largos tiempos de viaje.",411,0,1,conexión ferroviario vitoriagasteiz donostiasar sebastián parís través puerto otzaurte insatisfactoria largo tiempo viaje
"Durante la segunda mitad del siglo que termina, el Estado colombiano ha creado y financiado misiones especiales como las de ciencia y tecnología, de ciencia, educación y desarrollo, y la comisión para la modernización de la universidad pública, las cuales recomiendan, entre otras medidas, impulsar la investigación, las innovaciones, establecer incentivos para los investigadores y fomentar la ciencia y la tecnología, así como establecer mecanismos efectivos de rendición de cuentas y asignación de recursos por indicadores.",411,0,1,segundo mitad siglo terminar colombiano creado financiado misión especial ciencia tecnología ciencia educación desarrollo comisión modernización universidad público cual recomendar medida impulsar investigación innovación establecer incentivo investigador fomentar ciencia tecnología así establecer mecanismo efectivo rendición cuenta asignación recurso indicador
Licitar la instalación de grúas fijas tipo pórtico en el muelle 5.,411,0,1,licitar instalación grúas fijo tipo pórtico muelle
"Es un hecho cierto que una de las principales barreras a las MIPYMES es el financiamiento y la burocracia, por lo que será necesario poner nuestros esfuerzos para ayudar a los emprendedores a superar estos obstáculos.",403,0,1,hecho cierto principal barrera mipymes financiamiento burocracia necesario poner esfuerzo ayudar emprendedor superar obstáculo
"El salario mínimo será de $150. 000 para los trabajadores con contrato indefinido, y se incrementará en 20% para contratos a plazo fijo, temporeros y trabajadores eventuales, y en otro 20% en las regiones I – II – III – X – XI y XII.",402,0,1,salario mínimo trabajador contrato indefinido incrementar contrato plazo fijo temporero trabajador eventual región i ii iii x xi xii
"El gobierno del PLD se compromete a regenerar algunas playas que propician el despegue de polos de menor desarrollo relativo incluyendo las playas de Barahona y Monte Criste,",411,0,1,gobierno pld comprometer regenerar playa propiciar despegar polo menor desarrollo relativo incluir playa barahón monte criste
"Brindar confiabilidad, seguridad, eficiencia y velocidad a las vías férreas mejorando los programas de atención y prevención de emergencias en la red.",411,0,1,brindar confiabilidad seguridad eficiencia velocidad vía férreo mejorar programa atención prevención emergencias red
El tratamiento futuro de este tema debería apoyarse en dos aprendizajes.,411,0,1,tratamiento futuro tema deber apoyar él dos aprendizaje
y compitan para albergar los nuevos telescopios “supergigantes”.,411,0,1,compitar albergar nuevo telescopio supergigant
"Adicionalmente, para fomentar el mejoramiento de la oferta de servicios de telecomunicaciones en Colombia, el Ministerio evaluará mecanismos de promoción para la ampliación y reducción de costos de la conectividad internacional.",411,0,1,adicionalmente fomentar mejoramiento oferta servicio telecomunicaciones colombia ministerio evaluar mecanismo promoción ampliación reducción costo conectividad internacional
"Por supuesto, estas medidas implican la aplicación del expediente electrónico y el uso de la firma digital que garantiza la autenticidad de los documentos virtuales.",411,0,1,supuesto medida implicar aplicación expediente electrónico uso firma digital garantizar autenticidad documento virtual
Ayuda a las industrias lácteas para el fomento del consumo en fresco de quesos a base de leche de cabra y/o sus mezclas.,402,0,1,ayuda industria lácteo fomento consumo fresco queso base leche cabrar mezcla
No necesariamente una conduce a la otra.,414,0,1,no necesariamente conducir
Es imprescindible para la programación de tareas.,411,0,1,imprescindible programación tarea
crear una red de transporte gratuito para estudiantes de comunidades alejadas de sus centros de estudio,411,0,1,crear red transporte gratuito estudiant comunidad alejado centro estudio
Efectuar las indispensables inversiones en infraestructura.,411,0,1,efectuar indispensable inversión infraestructuro
·      APOYAR EL USO DE LA INFORMATICA Y DE LOS MEDIOS DE COMUNICACION ELECTRONICA,411,0,1,apoyar uso informatico medios comunicacion electronico
"y sobre la inversión extranjera directa, por la otra.",407,0,1,inversión extranjero directo
"Recuperación de los márgenes de seguridad del sistema eléctrico en el corto plazo, acelerando la finalización de los proyectos en construcción, Toro 3 y Pirrís, entre otros; así como el desarrollo de los proyectos fundamentales para mantener la seguridad del sistema con energía renovable.",411,0,1,recuperación márgén seguridad sistema eléctrico corto plazo acelerar finalización proyecto construcción toro pirrís así desarrollo proyecto fundamental mantener seguridad sistema energía renovable
El fortalecimiento de la actividad eco-nómica y el empleo conllevan la recuperación de  los ingresos y hacen posible reducir los impuestos.,410,0,1,fortalecimiento actividad económico empleo conllevar recuperación ingreso hacer posible reducir impuesto
"recursos hídricos,",411,0,1,recurso hídrico
-Desdoblamiento trayecto Utrera-Jerez,411,0,1,desdoblamiento trayecto utrerajerez
"Esto implica que 1.500 millones de dólares gastados en turismo en el exterior, supone haberse consumido alegremente la posibilidad de contar con 300 nuevas fábricas en el país.",410,0,1,implicar millón dólares gastado turismo exterior suponer haber él consumir alegremente posibilidad contar nuevo fábrica país
"Para un mejor desarrollo del SITI, las terminales automotrices podrían integrar los dispositivos de seguimientos a las unidades -esto no incide significativamente en el costo-y las Compañías de Telecomunicaciones deberían generar planes especiales de transmisión de datos para brindar una mayor cobertura territorial de información en tiempo real.",411,0,1,mejor desarrollo siti terminal automotriz poder integrar dispositivo seguimiento unidad no incidir significativamente costoy compañía telecomunicación deber generar plan especial transmisión dato brindar mayor cobertura territorial información tiempo real
La educación superior y la investigación científica y tecnológica deben de ir de la mano en cuanto a la generación de capacidades nacionales en materia de conocimiento.,411,0,1,educación superior investigación científico tecnológico deber ir mano cuanto generación capacidad nacional materia conocimiento
Es necesario invertir en la red de alta tensión ( 400 KV y 220 KV ) para grandes trasvases de energía.,411,0,1,necesario invertir red alto tensión kv kv grande trasvase energío
"Apoyaremos las acciones formativas, destinadas a personas con discapacidad, en el uso de las tecnologías de la información y comunicación.",411,0,1,apoyarer acción formativo destinado persona discapacidad uso tecnologiar información comunicación
"Todos eran gestionados por iniciativa privada y podían comprar la participación del Estado a coste, dando así incentivos al crecimiento.",402,0,1,gestionado iniciativa privado poder comprar participación coste dar así incentivo crecimiento
"En resumen, las actividades de mayor dinamismo lo han sido, bancarias, las de reexportación de la Zona Libre de Colón, Hotelería, Telecomunicaciones, Trasporte Aéreo, la Construcción y las Inmobiliarias.",411,0,1,resumir actividad mayor dinamismo ser bancario reexportación zona libre colón hoteleer telecomunicación trasporte aéreo construcción inmobiliario
"Es un deber de los bancos y así lo debemos asegurar, el que los clientes tengan la seguridad de que sus cuentas corrientes y tarjetas de crédito están protegidas",403,0,1,deber banco así deber asegurar cliente seguridad cuenta corriente tarjeta crédito protegido
"La mejor defensa del modelo económico social que rige en Chile es proteger su funcionamiento, promoviendo la libertad y la competencia como ejes del libre mercado.",401,0,1,mejor defensa modelo económico social regir chile proteger funcionamiento promover libertad competencia eje libre mercado
"Impulsar modificacions de l’impost de societats que tendeixin a bonificar fiscalment els rendiments obtinguts per societats a partir de lloguers que es trobin per sota de l’Índex de Referència de Preus del Lloguer que, a Catalunya, determini la Generalitat.",403,0,1,impulsar modificacions limpost societats tendeixin bonificar fiscalment el rendiments obtingut per societats partir lloguers trobin per sota líndex referncia preu lloguer catalunya determini generalitat
"La actividad manufacturera abastece a la economía de bienes de consumo final, intermedio y de capital.",411,0,1,actividad manufacturero abastecer economía bién consumo final intermedio capital
Nuestra apuesta es la de una sociedad basada en la generación y uso del conocimiento y la innovación.,411,0,1,apostar sociedad basado generación uso conocimiento innovación
"que contempla la consolidación de la información bancaria, del comercio y de cualquier otro agente crediticio relevante;",403,0,1,contemplar consolidación información bancario comerciar cualquiera agente crediticio relevante
"Revertir la expulsión de científicos y científicas con un plan de choque para situarnos, en una legislatura, al nivel de la Unión Europea en la proporción de personas dedicadas a la investigación, con un aumento neto de 5000 investigadores e investigadoras cada año.",411,0,1,revertir expulsión científico científico plan choque situarnos legislaturar nivel unión europeo proporción persona dedicado investigación aumento neto investigador investigador cada año
"- Dotar de una cualificación profesional acreditada a todos aquellos jóvenes que carezcan de ella, o que necesiten adaptarla.",411,0,1,dotar cualificación profesional acreditado aquel joven carezcar necesitar adaptar él
"Nos comprometemos a que, como mínimo, España sea pionera en la implantación del acuerdo alcanzado en 2012 por once países de la Unión Europea, que consiste en aplicar un impuesto del 0,1 % sobre la compra y la venta de acciones y bonos, y otro del 0,01 % sobre los productos derivados.",403,0,1,comprometer mínimo españa pionera implantación acuerdo alcanzado once país unión europea consistir aplicar impuesto compra ventar acción bono producto derivado
"Por otro lado, daremos un fuerte impulso a los Centros de Día.",504,-1,-1,lado dar fuerte impulso centro día
Modificaremos la Ley de Haciendas Locales para que aquellas viviendas deshabitadas que sean cedidas por sus propietarios a fondos sociales de vivienda no paguen IBI (Impuesto sobre los Bienes Inmuebles).,504,-1,-1,modificar ley hacienda local aquel vivienda deshabitado cedido propietario fondo social vivienda no pagar ibi impuesto bien inmuebl
"Si bien en distintas oportunidades, tanto en el Congreso como en el Ejecutivo, se mencionó la posibilidad de implementar pensiones no contributivas, no se ha dado un avance concreto al respecto en nuestro país, como sí ha ocurrido con nuestros vecinos (casos de Chile y Bolivia, por ejemplo).",504,-1,-1,si bien distinto oportunidad congreso ejecutivo mencionar posibilidad implementar pensión no contributiva no dado avance concreto respecto país ocurrido vecino caso chile bolivia ejemplo
"De otro lado, como no sería aceptado por los usuarios un crédito cuya cancelación total se pueda extender indefinidamente, se propone limitar esta ampliación del plazo a máximo cinco años adicionales.",504,-1,-1,lado no aceptado usuario crédito cuyo cancelación total poder extender indefinidamente proponer limitar ampliación plazo máximo cinco año adicional
"De forma voluntaria, la jubilación será posible entre los 60 y los 70 años.",504,-1,-1,forma voluntario jubilación posible año
Algunas de las principales obras de nuestro plan de inversiones para el quinquenio 2014- 2019 incluyen:,504,-1,-1,principal obra plar inversión quinquenio incluir
Entiende también que esta gestión debe ser capaz de sacar el mayor partido posible en términos de salud y bienestar.,504,-1,-1,entender gestión deber ser capaz sacar mayor partido posible término salud bienestar
"Cada vez que un Carabinero sea detenido injustamente por cumplir su deber o sea asesinado por un delincuente, el Gobierno contratará al mejor abogado para defenderlo o querellarse en representación de su familia.",605.1,-1,0,cada vez carabinerir detenido injustamente cumplir deber asesinado delincuente gobierno contratar mejor abogado defender él querellar él representación familio
Mediante una reforma a la Ley Federal de Presupuesto y Responsabilidad Hacendaria.,504,-1,-1,mediante reforma ley federal presupuesto responsabilidad hacendario
Reconèixer el valor procomú generat.,606.1,-1,0,reconixer valor procomú generat
Se formulará e implementará la Política de salud reproductiva y sexual que contribuya a la reducción del embarazo en adolescentes al menos en un 26% antes de 2006.,504,-1,-1,formular implementar política salud reproductivo sexual contribuir reducción embarazo adolescente menos
Exclusió de la tasca voluntària de l’afiliació obligatòria al règim ordinari de la seguretat social.,606.1,-1,0,exclusió tasca voluntrio lafiliaceír obligatria rgim ordinari seguretat social
"Reduciremos el hacinamiento creando nuevos cupos carcelarios, haciendo uso de acuerdos público privados para la construcción de más infraestructura.",605.1,-1,0,reducirer hacinamiento crear nuevo cupo carcelario hacer uso acuerdo público privado construcción infraestructuro
Fortalecimiento de la Red Nacional de Cuido y Atención Integral Progresiva para Personas Adultas Mayores.,504,-1,-1,fortalecimiento red nacional cuido atención integral progresivo persona adulto mayor
"3.1. El Estado social que proclama nuestra Constitución, lo que también denominamos Estado del Bienestar, supone para los y las socialistas mucho más que la consolidación de los pilares -Educación, Sanidad, servicios sociales y pensiones- sobre los que tradicionalmente se ha basado.",504,-1,-1,social proclamar constitución denominar bienestar suponer socialista consolidación pilar educación sanidad servicio social pensión tradicionalmente basado
lo que significa hacer explícito que el sujeto obligado de garantizarlo es el Estado.,504,-1,-1,significar hacer explícito sujeto obligado garantizar él
"Aquellas entidades del Tercer Sector que rechacen esta opción saldrán del espacio público y pasarán, si así lo deciden, al ámbito privado.",504,-1,-1,aquel entidad tercer sector rechazar opción salir espacio público pasar si así decidir ámbito privado
"La elaboración del costo del Plan Básico de Salud, será cumplida cabalmente por Superintendencia de Salud y Riesgos Laborales (SISALRIL) que a su vez lo propone al Consejo Nacional de Seguridad Social (CNSS), así como sus componentes.",504,-1,-1,elaboración costo plan básico salud cumplido cabalmente superintendencia salud riesgo laboral sisalril vez proponer consejo nacional seguridad social cnss así componente
"Consideración de la infección por VIH/Sida como una verdadera cuestión de Estado, y por tanto, firma de un Pacto de Estado contra el VIH/Sida que comprometa a todos los agentes sociales e institucionales implicados, que garantice una respuesta integral a la infección y el acceso universal a servicios y programas de prevención, tratamiento, atención y apoyo, con especial atención a los colectivos sociales más vulnerables.",504,-1,-1,consideración infección vihsido verdadero cuestión firmar pacto vihsido comprometa agente social institucional implicado garantice respuesta integral infección acceso universal servicio programa prevención tratamiento atención apoyo especial atención colectivo social vulnerable
Pero lo cierto es que en variadas instancias de nuestra vida social y ciudadana las amarras se han soltado y los principios morales han quedado a la deriva.,603,-1,0,cierto variado instancia vida social ciudadano amarra soltado principio moral quedado derivo
Políticas sociales que atiendan a la dimensión temporal.,504,-1,-1,política social atender dimensión temporal
con la participación ciudadana,606.1,-1,0,participación ciudadano
"Potenciaremos el Plan Nacional de Demencias,",504,-1,-1,potenciarer plan nacional demencias
"Pla per a combatre l’escletxa digital, especialment a les zones rurals.",504,-1,-1,plar per combatre lescletxa digital especialment zones rurals
"5. Consolidar y fortalecer el sistema de red de cuido dirigido a las personas adultas mayores, a través de diversas modalidades, incluyendo: los centros públicos y municipales, los servicios contratados a organizaciones sociales sin fines de lucro, así como la atención en el domicilio de las personas y la modalidad de hogares comunitarios mediante la asignación de viviendas en comodato.",504,-1,-1,consolidar fortalecer sistema red cuido dirigir persona adulto mayor través diverso modalidad incluir centro público municipal servicio contratado organización social fines lucro así atención domicilio persona modalidad hogar comunitario mediante asignación vivienda comodato
"5.6.1.2 Enfocar el Programa Nacional de Vivienda Asequible a la clase media trabajadora, profesional, familias, jóvenes, que aspiran a una solución de vivienda de calidad a costos sin las distorsiones del mercado.",504,-1,-1,enfocar programa nacional vivienda asequible clase medio trabajadora profesional familia joven aspirar solución viviendo calidad costo distorsión mercado
"La disminución drástica del déficit habitacional, que actualmente afecta, con distintas modalidades, a cerca de un tercio de la población, con un déficit absoluto próximo a un millón de unidades.",504,-1,-1,disminución drástico déficit habitacional actualmente afectar distinto modalidad cerca tercio población déficit absoluto próximo millón unidad
El Congreso y la Corte Suprema de Justicia deberán trabajar por el cambio de otras dos instituciones que sustentan una política de seguridad: las instancias judiciales y el sistema penitenciario.,605.1,-1,0,congreso corte supremo justicia deber trabajar cambio dos institución sustentar político seguridad instancia judicial sistema penitenciario
"•  La  extensión  y  desarrollo  de  la  Cartera  de  Inmuebles  para  Vivienda  del  MVOTMA  (CIVIS),  para  hacer  posible  el  acceso  al  suelo  urbanizado  de  los  sectores  de  menores  recursos.",504,-1,-1,extensión desarrollo cartera inmuebl vivienda mvotma civis hacer posible acceso suelo urbanizado sector menor recurso
Ampliar la investigación en los campos de geriatría y gerontología para prestar servicio adecuado a los ancianos.,504,-1,-1,ampliar investigación campo geriater gerontología prestar servicio adecuado ancianos
"402.Aprobaremos una nueva Ley de Enjuiciamiento Criminal que adecue el procedimiento penal a los principios de agilidad, simplificación y garantía.",605.1,-1,0,aprobarer nuevo ley enjuiciamiento criminal adecuar procedimiento penal principio agilidad simplificación garantir
así como a quienes debilitan la prestación de los servicios de salud de la CCSS u omiten su mejoramiento oportuno y refieren personas usuarias afectadas a consultorios o clínicas privadas con las que tienen vinculación.,504,-1,-1,así debilitar prestación servicio salud ccss u omitir mejoramiento oportuno referir persona usuario afectado consultorio clínico privado vinculación
"Se buscará una mayor efectividad en el intercambio de inteligencia y en la realización de operaciones coordinadas de patrullaje, control, registro e interdicción.",605.1,-1,0,buscar mayor efectividad intercambio inteligencia realización operación coordinado patrullaje control registro interdicción
"Esta modalidad es usada por bandas criminales dedicadas a la extorsión, el tráfico de terrenos o el robo agravado.",605.1,-1,0,modalidad usado banda criminal dedicado extorsión tráfico terreno robo agravado
Garantizaremos los derechos y la protección de la infancia y de la juventud.,504,-1,-1,garantizaremos derecho protección infancia juventud
"La Comision tendría a su cargo el estudio y is investigación sobre los delitos internacionales comprendidos en el articulas 7 del Código Penal, cuando asi se lo encomiende el Plenario Legislativo.",605.1,-1,0,comision cargo estudio is investigación delito internacional comprendido articula código penal asi encomiende plenario legislativo
"con fuerte componente de salud mental,",504,-1,-1,fuerte componente salud mental
"Se deben priorizar estrategias de prevención junto con las de control del delito y represión del delito, en un contexto de máximo respeto por los derechos humanos.",605.1,-1,0,deber priorizar estrategia prevención junto control delito represión delito contexto máximo respeto derechos humanos
"Desde el pun to de vista de Ia salud, Ia atención integral y la seguridad familiar, nos proponemos llevar a Ia practica las siguientes acciones: • 1m pulsar un Programa Nacional de Prevención a traves del Ministerio de Salud, el IAFA y Ia Caja Costarricense de Seguro Social, para prevenir Ia incidencia de discapacidad que se pueden prevenir, tales como los que resultan de las drogas, dellicor y el tabaco.",504,-1,-1,pun to vista ia salud io atención integral seguridad familiar proponer llevar io practicar siguiente acción m pulsar programa nacional prevención traves ministerio salud iafo ia cajo costarricense seguro social prevenir ia incidencia discapacidad poder prevenir tal resultar droga dellicor tabaco
"L’objectiu és trencar la idea que el sensellarisme és una patologia social, quan en realita és un problema d’accés a l’habitatge.",504,-1,-1,lobjectiu és trencar idea sensellarisme és patologia social quan realitar és problema daccés lhabitatge
Estos programas se dirigirán a alumnos de la educación formal pero también se articularán con las políticas sociales.,504,-1,-1,programa dirigir alumno educación formal articular política social
c. Equipos de intervención ante situaciones de crisis graves de convivencia y situaciones de violencia filio parental.,504,-1,-1,c equipo intervención situación crisis grave convivencia situación violencia filio parental
"China, con su alto crecimiento de los últimos 20 años, ha sido el factor que ha explicado 40% del incremento del comercio mundial en ese período.",103.2,-1,0,chino alto crecimiento último año sido factor explicado incremento comercio mundial período
"Reconoceremos y protegeremos el derecho a vivir en una familia, considerando la diversidad existente en nuestra sociedad.",504,-1,-1,reconocerer protegeremos derecho vivir familia considerar diversidad existente sociedad
"Proponemos poder realizar, de forma excepcional,a,l convocatorias MIR especíﬁcas para Canarias ante situación de extrema gravedad.",504,-1,-1,proponer poder realizar forma excepcionalal convocatoria mir especíca canario situación extremo gravedad
"Así mismo, diseñará un programa de seguridad con el fin de permitir el desarrollo de las actividades de las compañías especializadas en la exploración de hidrocarburos.",605.1,-1,0,así mismo diseñar programa seguridad fin permitir desarrollo actividad compañía especializado exploración hidrocarburo
"Para el cumplimiento de este objetivo desarrollaremos las siguientes acciones: Penalizar como delito el porte o tenencia de armas de fuego por parte de quien registre antecedentes penales -proyecto de ley presentado por el diputado Germán Cardoso-(prevista como la Nº 7 entre las ""50 Medidas para Mejorar la Seguridad Pública"").",605.1,-1,0,cumplimiento objetivo desarrollarer siguiente acción penalizar delito porte tenencia armas fuego parte registre antecedente penal proyecto ley presentado diputado germán cardosoprevista n medida mejorar seguridad público
"Se requiere que la administración de la nación indique claramente al ciudadano sobre cuales son sus obligaciones para con el gobierno nacional, su ciudad y asociados.",606.1,-1,0,requerir administración nación indicar claramente ciudadano cual obligación gobierno nacional ciudad asociados
"Actualmente, las nuevas urbanizaciones surgen de la lotización de grandes espacios privados y públicos, sin que medien criterios de planificación para zonas habitacionales, industriales, áreas verdes, equipamiento, etc.; y, por consiguiente, hay escasez de servicios básicos.",504,-1,-1,actualmente nuevo urbanización surgen lotización grande espacio privado público medien criterio planificación zona habitacional industrial área verde equipamiento etc consiguiente escasez servicio básico
"Los socialcristianos buscamos que la atencion que se brinda a las personas, a traves de todas las instituciones que conforman el Sector Salud, sea humanizada.",504,-1,-1,socialcristiano buscar atencion brindar persona trav todo institución conformar sector salud humanizado
En todo caso las bolsas de bienes y productos agropecuarios y agroindustriales deberán contar con organismos independientes para la liquidación y compensación de sus operaciones.,703.1,0,0,caso bolsa bién producto agropecuario agroindustrial deber contar organismo independiente liquidación compensación operación
"tiempo de duración,",201,0,0,tiempo duración
Eliminación de las listas sábana: Debido a la inmediatez y transparencia que otorgará la elección de sólo 5 diputados nacionales y regionales por distrito.,202.1,0,0,eliminación listo sábán debido inmediatez transparencia otorgar elección sólo diputado nacional regional distrito
- Benavente - Zamora - Salamanca - Cáceres - Mérida - Zafra - Sevilla,411,0,1,benavente zamora salamanco cácer mérido zafra sevillo
Implantación de un nuevo procedimiento de rápida ejecución.,303,0,0,implantación nuevo procedimiento rápido ejecución
así como las obligaciones en cuanto a calidad y sus alcances.,303,0,0,así obligación cuanto calidad alcanz
Promover Ia capacitación tecnica en las empresas e impulsar Ia deducción de parte de los costos de esta capacitación del impuesto que percibe el INA sobre las planillas.,411,0,1,promover ia capacitación tecnico empresa impulsar ia deducción parte costo capacitación impuesto percibir ina planilla
Deporte,H,0,0,deporte
"Apertura de las instalaciones escolares, fuera del horario escolar, para que puedan ser mejor rentabilizadas.",502,0,0,aperturar instalación escolar horario escolar poder ser mejor rentabilizada
el foment de l'economia social,403,0,1,foment leconomia social
e. Deporte y recreación,H,0,0,deporte recreación
"7. Consolidar, a través de las reformas normativas necesarias, el derecho los gobiernos locales a dictar moratorias temporales o indefinidas sobre la realización en su territorio de actividades altamente dañinas para el ambiente,",301,0,0,consolidar través reforma normativo necesario derecho gobierno local dictar moratoria temporal indefinido realización territorio actividad altamente dañino ambiente
"El recorrido más largo de las rutas es de 28 a 30 kilómetros y la mayor demanda de pasajeros captada en hora pico es de doce mil (12,000) a trece mil (13,000) pasajeros en la Vía Transístmica.",411,0,1,recorrido largo ruta kilómetro mayor demanda pasajero captado hora pico doce mil trece mil pasajero vía transístmico
"como no Atlántico Sur (Banco de Valdivia,",703,0,0,no atlántico sur banco valdivia
"e impulsar la práctica de pesca y acuacultura con criterio estricto de sustentabilidad ambiental,",703,0,0,impulsar práctico pesca acuaculturo criterio estricto sustentabilidad ambiental
EMPRESAS COOPERATIVAS DE SERVICIO PUBLICO,H,0,0,empresa cooperativo servicio publico
disminución del mal comportamiento y conducta agresiva;,506,0,0,disminución mal comportamiento conducta agresivo
"En el año 2000, producto de la recesión y la inestabilidad económica y social generada por el modelo, el ahorro y el crédito disminuyeron.",415,0,-1,año producto recesión inestabilidad económico social generado modelo ahorro crédito disminuir
"Gestionada por gente joven, para la gente joven.",706,0,0,gestionado gente joven gente joven
Deporte y Desarrollo Local,H,0,0,deporte desarrollo local
"Fomentar el control de enfermedades mediante técnicas biotecnológicas (por ejemplo, mosquito transgénico).",411,0,1,fomentar control enfermedad mediante técnica biotecnológica ejemplo mosquito transgénico
"Para atender de manera particular la cuestión de la vivienda rural, se deben adoptar programas de mejoramiento y construcción que auspicien el uso de materiales de la región, el respeto a la tipología de la vivienda de la zona y la introducción de servicios públicos que sirvan para prevenir enfermedades y eviten el deterioro del medio ambiente.",303,0,0,atender manera particular cuestión vivienda rural deber adoptar programa mejoramiento construcción auspicien uso material región respeto tipología vivienda zona introducción servicio público servir prevenir enfermedad evitar deterioro medio ambiente
"Para ello, emprenderemos una política exterior que promueva la dignidad del pueblo mexicano, que tenga metas claras y propósitos comunes con nuestros aliados estratégicos y se convierta en una verdadera herramienta para detonar el desarrollo de nuestro país.",107,0,0,él emprenderar política exterior promover dignidad pueblo mexicano meta claro propósito común aliado estratégico convertir verdadero herramienta detonar desarrollo país
Redensificación y renovación urbana.,H,0,0,redensificación renovación urbano
propuestas,,0,0,propuesta
"En nuestro país existen enormes posibilidades de ofertas patrimoniales: 91 catedrales y 6.000 elementos de arquitectura defensiva, entre torreones, baluartes y fortalezas de los cuales 2.000, según los especialistas, pueden ser considerados castillos.",502,0,0,país existir enorme posibilidad oferta patrimonial catedral elemento arquitectura defensivo torreón baluart fortaleza cual según especialista poder ser considerar castillo
"En caso de incumplimiento, seremos drásticos en aplicar las penalidades consignadas en la legislación vigente que irá desde una multa severa hasta la caducidad de la concesión.",416.2,0,-1,casar incumplimiento drástico aplicar penalidad consignada legislación vigente ir multa severo caducidad concesión
3.1. PRINCIPIOS QUE DEFINEN LA POLÍTICA POPULAR DE ADMINISTRACIONES PÚBLICAS,,0,0,principio definir política popular administración público
Introducir el reconocimiento de los intereses colectivos y difusos en materia ambiental en la Constitución Política de los Estados Unidos Mexicanos.,204,0,0,introducir reconocimiento interés colectivo difuso materia ambiental constitución político unido mexicano
"El déficit de PETROECUADOR hasta el mes de marzo llega a los 300 millones de dòlares, habiendo invertido apenas en el 2005 el 50% de su presupuesto de inversión.",303,0,0,déficit petroecuador mes marzo llegar millón dlar invertido apenas presupuesto inversión
Promover la inversión privada en proyectos para expansión y conservación de ía red vial por medio del régimen de concesión de obra pública.,401,0,1,promover inversión privado proyecto expansión conservación iar red vial medio régimen concesión obra público
"Entre las oportunidades estratégicas con países selectos se cuentan: profundizar y diversificar la relación con Argentina, Chile y Brasil;",108,0,0,oportunidad estratégico país selecto contar profundizar diversificar relación argentino chile brasil
Programa prevención de la generación y tratamiento de los residuos sólidos urbanos.,501,0,0,programa prevención generación tratamiento residuo sólido urbano
Las más importantes son:,,0,0,importante
y por la importante reducción de la producción petrolera que tuvieron lugar en septiembre.,410,0,1,importante reducción producción petrolera lugar septiembre
"Desde la plataforma de un Mercosur avanzando en una mayor integración en todos los ámbitos, se realizarán las negociaciones en torno al ALCA y el Acuerdo de Libre Comercio con la Unión Europea, conforme a los criterios detallados en la estrategia de política comercial externa.",108,0,0,plataforma mercosur avanzar mayor integración ámbito realizar negociación torno alca acuerdo libre comercio unión europea conforme criterio detallado estrategia político comercial externo
y hasta con manifestaciones corruptas.,000,0,0,manifestación corrupto
"el pensament,",706,0,0,pensament
"Al estudiar y recorrer el país, se hace evidente  que  hay  varios  países distintos dentro de la misma Colombia.",416.2,0,-1,estudiar recorrer país hacer evidente varios país distinto dentro mismo colombia
"Així s’explica que l’AVE arribès a Sevilla quan el sevillá Felipe González era president del govern; a Málaga quan era ministra de Foment la malaguenya Magdalena Álvarez; a Valladolid quan era president el lleonès Josè María Aznar, i a Galícia quan eren ministres de Foment els gallecs Pepe Blanco primer i Ana Pastor desprès.",304,0,0,així sexplico lave arribs sevilla quan sevillá felipe gonzález president govern málaga quan ministra foment malaguenya magdalena álvarez valladolid quan president lleons jos maría aznar i galícia quan erir ministres foment el gallecs pepe blanco primero i án pastor desprs
Pluralismo en los medios de comunicación,H,0,0,pluralismo medio comunicación
"y permitan maximizar, en términos de creación de empleo, los efectos de la estabilidad económica en la zona euro.",408,0,-1,permitir maximizar término creación empleo efecto estabilidad económico zona euro
Se fomentará el cooperativismo para hacer un uso productivo y sostenible de los recursos sobre la base de proyectos en que prime la cooperación,703.1,0,0,fomentar cooperativismo hacer uso productivo sostenible recurso base proyecto prime cooperación
□ Deficiencias administrativas y falta de fondos causados por la desorganización de los ayuntamientos y la centralización administrativa.,301,0,0,deficiencia administrativo faltar fondo causado desorganización ayuntamiento centralización administrativo
"La Administración de la empresa estará a cargo de un Presidente, nombrado por la Junta Directiva.",303,0,0,administración emprés cargo presidente nombrado junta directivo
Idiomas,506,0,0,idioma
"iv) Inversión en infraestructura, principalmente caminera, priorizando la integración del país y los corredores de exportación.",411,0,1,iv inversión infraestructuro principalmente caminero priorizar integración país corredor exportación
"en las últimas tres décadas fuimos capaces de convertirnos en la nación con mayor ingreso per cápita de la región,",410,0,1,último tres década capaz convertirno nación mayor ingreso per cápita región
Para la promoción de la agroindustria y el turismo rural se continuará ofreciendo la línea de crédito de redescuento Finagro para el desarrollo de actividades rurales.,703.1,0,0,promoción agroindustrio turismo rural continuar ofrecer línea crédito redescuento finagrir desarrollo actividad rural
"Un tercer componente es un esquema de ahorro voluntario para los que quisieran mayor pensión, tengan esa visión y la posibilidad de ahorrar más, donde podrían quedar espacio para el funcionamiento de las actuales AFP, bajo una nueva normativa de regulación en que se garantice el principio de voluntariedad y de opciones múltiples, o por administradoras generadas por entidades gremiales o de profesionales.",701,0,0,tercer componente esquema ahorro voluntario querer mayor pensión visión posibilidad ahorrar poder quedar espacio funcionamiento actual afp bajo nuevo normativa regulación garantice principio voluntariedad opción múltiple administradora generado entidad gremial profesional
"Para desarrollar una política social de impacto en la reducción de la pobreza y en la generación de oportunidades, el gasto público será reestructurado con una clara orientación hacia el gasto social, realizando para ello los cambios que permitan hacerlo más eficaz.",503,1,-1,desarrollar política social impacto reducción pobrezo generación oportunidad gasto público reestructurado claro orientación hacia gasto social realizar él cambio permitir hacer él eficaz
"El mercado radial también se caracteriza por una estructura oligopólica, con la presencia de cuatro consorcios que concentran el 70% del mercado.",201.2,1,0,mercado radial caracterizar estructura oligopólico presencia cuatro consorcio concentrar mercado
Proponemos una serie de medidas que vengan a hacer justicia con el colectivo en esta materia tan importante para su Inclusión Social.,503,1,-1,proponer serie medida vengar hacer justicia colectivo materia tanto importante inclusión social
Consideramos que no es suficiente que el Estado genere la infraestructura física y la regulación jurídica indispensable para que todos tengan acceso a los beneficios de un mercado económico competitivo.,503,1,-1,considerar no suficiente genere infraestructura físico regulación jurídico indispensable acceso beneficio mercado económico competitivo
"e implementar las reformas estructurales que propone este programa, permitirán mayores niveles de equidad, de igualdad de oportunidades y derechos para los chilenos y chilenas.",503,1,-1,implementar reforma estructural proponer programa permitir mayor nivel equidad igualdad oportunidad derechos chileno chileno
Se respetará como política de Estado a la justicia ancestral y a las funciones jurisdiccionales de Justicia Indígena.,607.3,1,0,respetar político justicia ancestral función jurisdiccional justicia indígenar
"Desarrollar legalmente la exigencia de cumplimiento de los derechos subjetivos establecidos, pero olvidados en la actual Constitución Española en el marco de un proceso constituyente: derecho al trabajo, a la vivienda, a la salud, a la educación, etc.",201.2,1,0,desarrollar legalmente exigencia cumplimiento derecho subjetivo establecido olvidado actual constitución español marco proceso constituyente derecho trabajo vivienda salud educación etc
Las mujeres son las más afectadas por los programas de ajuste estructural impuestos por el FMI y el BM:,503,1,-1,mujer afectado programa ajuste estructural impuesto fmi bm
"Debemos empezar por superar las discriminaciones, tanto por razón de sexo como de orientación afectivosexual.",503,1,-1,deber empezar superar discriminación razón sexo orientación afectivosexual
"(4) la claridad de competencias y el compromiso que, dentro del proceso de reintegración de adultos y menores, tienen las jurisdicciones locales y regionales, en cabeza de sus autoridades;",201.2,1,0,claridad competencia compromiso dentro proceso reintegración adulto menor jurisdicción local regional cabeza autoridad
"Respetar en la escuela el pluralismo ideológico y la libertad de conciencia de alumnado y profesorado, suprimiendo el adoctrinamiento religioso o la exhibición de símbolos confesionales.",604,1,0,respetar escuela pluralismo ideológico libertad concienciar alumnado profesorado suprimir adoctrinamiento religioso exhibición símbolo confesional
"Participación social y comunitaria: Dada su capital importancia en el mantenimiento de la autonomía y lucha con la soledad, se crearán incentivos tendientes a fortalecer las organizaciones y clubes de adultos mayores.",606.2,1,0,participación social comunitario dado capital importancia mantenimiento autonomío lucho soledad crear incentivo tendient fortalecer organización clubes adulto mayor
"4.3.1. Desarrollar a escala nacional los programas estructurados de tratamiento en los establecimientos penitenciarios, incluyendo el tratamiento de adicciones y la ampliación a toda la población privada de libertad de las actividades laborales y educativas.",503,1,-1,desarrollar escala nacional programa estructurado tratamiento establecimiento penitenciario incluir tratamiento adicción ampliación todo población privado libertad actividad laboral educativo
"Con Empleo en Acción le daremos trabajo a la población más pobre de las zonas urbanas, a través de la financiación de proyectos de infraestructura urbana.",503,1,-1,empleo acción dar trabajo población pobre zona urbano través financiación proyecto infraestructuro urbano
Los salarios cada vez representan una menor proporción de la riqueza que crean los trabajadores (PIB).,503,1,-1,salario cada vez representar menor proporción riqueza crear trabajador pib
y un enfoque de complementación que nos permita tender los puentes necesarios para la construcción de un Chile intercultural.,607.3,1,0,enfoque complementación permitir tender puente necesario construcción chile intercultural
"en el cual, sentaremos las bases para que en 10 años reduzcamos la pobreza hasta la décima parte de la población y eliminar la pobreza extrema.",503,1,-1,sentarer base año reduzcamos pobreza décimo parte población eliminar pobreza extremo
e implementaremos el Protocolo contra el acoso sexual y por razón de sexo.,503,1,-1,implementarer protocolo acoso sexual razón sexo
"Así mismo, se propiciará un modelo de gestión asociativo que permita articular a los actores y autoridades locales y regionales.",607.1,1,0,así mismo propiciar modelo gestión asociativo permitir articular actor autoridad local regional
Impulsar  y  fortalecer  en  la  Defensoría  del Pueblo una instancia calificada en la defensa de los derechos humanos de las mujeres con la creación de la Defensoría Adjunta al Defensor del Pueblo. (Acuerdo de Concertación Nacional),201.2,1,0,impulsar fortalecer defensoer pueblo instancia calificado defensa derechos humanos mujer creación defensoer adjunto defensor pueblo acuerdo concertación nacional
"oLa ampliación de la legitimación a organizaciones sociales, para la defensa del derecho a la igualdad de trato y no discriminación.",503,1,-1,ola ampliación legitimación organización social defensa derecho igualdad trato no discriminación
Prevención de la Delincuencia,605.2,1,0,prevención delincuencio
"Como elementos de analisis para comprender los fenomenos a que se encuentra enfrentada la familia de finales del siglo XX, es preciso verla a traves de los fenomenos economicos y sociales que se estan efectuando en el ambito no solo nacional sino tambien internacional, en los llamadso paises subdesarrolados o en vias de desarrollo y tambien conocer los probelmas que afectan directamente al grupo familiar",503,1,-1,elemento analisis comprender fenomeno encontrar enfrentado familia final siglo xx preciso ver él trav fenomeno economico social estar efectuar ambito no solo nacional sino tambien internacional llamadso país subdesarrolado via desarrollo tambien conocer probelma afectar directamente grupo familiar
"Se prestará especial atención a la recualificación de mujeres desempleadas para el acceso a los puestos de trabajo de los nuevos yacimientos de empleo, con acompañamiento hasta la inserción laboral.",503,1,-1,prestar especial atención recualificación mujer desempleado acceso puesto trabajo nuevo yacimiento empleo acompañamiento inserción laboral
"oAvance en el reconocimiento del derecho a la conciliación de la vida personal, familiar y laboral.",503,1,-1,oavanzar reconocimiento derecho conciliación vido personal familiar laboral
Crearemos mecanismos y procesos para priorizar las decisiones colectivas.,202.4,1,0,crearer mecanismo proceso priorizar decisión colectivo
lo que se expresa luego en que de los delitos sufridos se denuncien menos que en otros sectores.,503,1,-1,expresar luego delito sufrido denuncien menos sector
Conscientes de la necesidad de construir colectivamente nuestra propuesta de gobierno mantenemos abierto el debate a nivel nacional y comunitario para que este importante aporte popular se constituya en el mandato de nuestra acción gubernamental.,202.4,1,0,consciente necesidad construir colectivamente propuesto gobierno mantener abierto debate nivel nacional comunitario importante aporte popular constituir mandato acción gubernamental
Esta sólo se desarrolla plenamente al amparo de las garantías que brinda el sistema democrático republicano de gobierno.,201.1,1,0,sólo desarrollar plenamente amparo garantía brindo sistema democrático republicano gobierno
5.3.2. Rechazar toda política de seguridad discriminatoria que criminalice la pobreza.,503,1,-1,rechazar todo político seguridad discriminatorio criminalice pobreza
"así como el apoyo en el desarrollo profesional, con el fin de colaborar con su independencia financiera.",503,1,-1,así apoyo desarrollo profesional fin colaborar independencia financiero
permitiendo que las personas y empresas destinen parte de los impuestos que pagan a financiar los programas sociales de las instituciones que ellas libremente elijan.,503,1,-1,permitir persona empresa destinar parte impuesto pagar financiar programa social institución libremente elegir
Avance legislativo en licencias por maternidad y paternidad.,503,1,-1,avance legislativo licencia maternidad paternidad
"derechos humanos,",201.2,1,0,derechos humanos
"Desarrollar programas de etnoeducación, con especial énfasis en la educación bilingüe y multicultural, en la educación primaria y la ampliación de la cobertura de la educación secundaria por medio de metodologías innovadoras de pertinencia para grupos de población dispersa.",607.3,1,0,desarrollar programa etnoeducación especial énfasis educación bilingüe multicultural educación primario ampliación coberturo educación secundario medio metodologíos innovadora pertinencia grupo población disperso
"Miles de niños, niñas y adolescentes en México, crecen en un contexto de violencia cotidiana que deja secuelas profundas e incluso termina cada año con la vida de centenares de ellos, ya que de acuerdo con el Informe Nacional sobre Violencia y Salud de la Secretaría de Salud, en 2006, dos niños con menos de 14 años murieron cada día a causa de la violencia en México; dicha cifra aumentó para el año 2015, al pasar a 2.8 por día, lo que equivale a 1,057 homicidios al año.",503,1,-1,mil niño niña adolescente méxico crecer contexto violencia cotidiano dejar secuela profundo incluso terminar cada año vida centenar acuerdo informe nacional violencia salud secretacer salud dos niño menos año morir cada día causar violencia méxico dicho cifra aumentar año pasar día equivaler homicidio año
Ausencia de política económica autónoma que responda a los intereses nacionales,103.1,1,0,ausencia político económico autónomo responder interés nacional
Conducta avara y de indolencia social por parte de los propietarios y administradores de las grandes corporaciones.,503,1,-1,conducta avar indolencia social parte propietario administrador grande corporación
se abrirá el camino hacia una nueva forma de asignación de la riqueza social y de distribución coherente del excedente económico.,503,1,-1,abrir camino hacia nuevo forma asignación riqueza social distribución coherente excedente económico
"Realizar  ajustes  de  forma  y fondo  en  las estrategias nacionales de empleo,que incorporen la perspectiva de la vulnerabilidad en   sus   dimensiones   personales,   familiares   y   socioculturales,   para   que   las poblaciones  en  riesgo  estén  incluidas  de  manera  expresa  en  el  rediseño  de  los programas  sociales,",503,1,-1,realizar ajuste formar fondo estrategia nacional empleoque incorporar perspectiva vulnerabilidad dimensión personal familiar sociocultural población riesgo incluido manera expreso rediseño programa social
c) Por lo anterior propiciamos un proceso más pleno y autónomo de desarrollo de la organización social,606.2,1,0,c anterior propiciar proceso pleno autónomo desarrollo organización social
"Finalment, i en un altre ordre de coses, cal fer una important tasca de formació i pedagogia a nivell social i educatiu sobre la transsexualitat per remoure obstacles i facilitar la integració de les persones transsexuals, millorar la convivència i eliminar actituds discriminatòries.",503,1,-1,finalment i altre ordre cós cal fer important tasca formaceír i pedagogia nivell social i educatiu transsexualitat per remoure obstacl i facilitar integraceír persón transsexuals millorar convivncia i eliminar actituds discriminatri
- Mayor aportación a mayor riqueza.,503,1,-1,mayor aportación mayor riqueza
"Esta brecha de género, es más pronunciada para las mujeres pobres (49% en el caso urbano; 73% en el rural).",503,1,-1,brecha género pronunciado mujer pobre caso urbano rural
"La combatiremos con diversos programas como restaurantes escolares, canastas de alimentos, distribución de complementos nutritivos a menores de 12 años, mujeres lactantes y gestantes, discapacitados y desplazados de los grupos sociales pertinentes, en hogares comunitarios, escuelas y hogares.",503,1,-1,combatirer diverso programa restaurante escolar canasta alimento distribución complemento nutritivo menor año mujer lactant gestant discapacitado desplazado grupo social pertinente hogar comunitario escuela hogar
"Igualmente, en este contexto deben resaltarse todas aquellas reparaciones individuales y colectivas que el Estado colombiano realiza en cumplimiento de las sentencias condenatorias que, por acción u omisión comprobada de agentes estatales en casos de violaciones a los DD. HH. y al DIH, son proferidas por las cortes nacionales e internacionales.",201.2,1,0,igualmente contexto deber resaltar él todo aquel reparación individual colectivo colombiano realizar cumplimiento sentencia condenatorio acción u omisión comprobado agente estatal caso violación dd hh dih proferida corte nacional internacional
Ninguna familia puede ser sometida a discriminación basada en la orientación sexual o identidad de género de cualquiera de sus integrantes”.,604,1,0,ninguno familia poder ser someter discriminación basado orientación sexual identidad género cualquiera integrante
Es un reto que debemos afrontar cuanto antes para lograr la equidad y la igualdad social en nuestro país.,503,1,-1,reto deber afrontar cuanto lograr equidad igualdad social país
"La desigualtat, a més de poder ser analitzada i entesa des de l’òptica de diferents nivells de renda, també pot ser interpretada des de la perspectiva generacional.",503,1,-1,desigualtat més poder ser analitzar i entés des lptico diferents nivells renda també pot ser interpretar des perspectiva generacional
Línea de acción 1 Consolidar los proyectos y políticas de fomento de producción cultural y artística de nuestros pueblos originarios.,607.3,1,0,líneo acción consolidar proyecto política fomento producción cultural artístico pueblo originario
